project_id,project_type,state,district,land_area,affected_families,num_parcels,num_villages,notification_pct,survey_pct,verification_pct,objection_pct,award_pct,compensation_pct,rr_pct,possession_pct,overall_completion,legal_disputes,comp_total,comp_paid,comp_pending,avg_response_days,approval_delay,docs_total,docs_pending,doc_anomalies,velocity_change,project_value,delay_days,risk_score,delay_probability,is_delayed
LA-UP-0160,Power Transmission,Uttar Pradesh,Bareilly,922.66,1656,1583,14,0.41,0.35,0.32,0.21,0.15,0.08,0.08,0.04,0.2,63,20858.14,1524.54,19333.6,23.3,60,254,79,17,-58.1,156.31,132,91,0.87,1
LA-R-0372,Airport,Rajasthan,Kota,748.78,691,710,8,0.52,0.35,0.35,0.16,0.15,0.15,0.15,0.15,0.25,64,16647.87,1904.35,14743.52,22.0,58,72,9,1,-10.7,3326.76,120,90,0.86,1
LA-R-0358,Power Transmission,Rajasthan,Udaipur,1279.47,975,1002,12,0.37,0.37,0.37,0.29,0.29,0.12,0.04,0.04,0.24,36,17608.79,1534.03,16074.76,24.8,57,228,20,4,7.4,4513.66,120,89,0.93,1
LA-TN-0213,National Highway,Tamil Nadu,Tiruchirappalli,471.32,341,256,3,0.43,0.41,0.34,0.27,0.27,0.1,0.1,0.0,0.24,34,2378.24,211.03,2167.21,20.5,54,286,18,0,-41.9,2717.28,121,88,0.95,1
LA-UP-0135,Canal/Irrigation,Uttar Pradesh,Meerut,1050.56,693,648,6,0.61,0.34,0.34,0.34,0.2,0.2,0.04,0.04,0.26,32,14997.51,2872.69,12124.82,22.7,57,193,12,1,-30.0,4632.36,132,86,0.94,1
LA-M-0035,Industrial Corridor,Maharashtra,Thane,1631.19,1417,1528,16,0.44,0.44,0.32,0.26,0.16,0.16,0.14,0.08,0.25,213,32147.24,3894.62,28252.62,23.8,59,154,26,0,-5.0,2317.91,131,86,0.82,1
LA-G-0447,National Highway,Gujarat,Rajkot,3548.03,1884,1848,16,0.65,0.54,0.45,0.32,0.26,0.09,0.07,0.07,0.31,35,43300.0,2990.54,40309.46,23.6,42,211,47,9,16.1,900.97,121,84,0.9,1
LA-R-0377,Railway,Rajasthan,Kota,1391.46,1138,1008,11,0.54,0.36,0.26,0.26,0.17,0.17,0.09,0,0.23,124,24355.7,3547.45,20808.25,14.8,51,299,95,22,-94.7,80.09,102,84,0.91,1
LA-MH-0001,Expressway,Maharashtra,Nashik,842.5,1122,1137,12,0.98,0.92,0.71,0.65,0.58,0.52,0.41,0.34,0.68,23,18400.0,9568.0,8832.0,14.2,28,248,117,14,-54.8,3200.0,92,84,0.84,1
LA-UP-0076,Defence,Uttar Pradesh,Lucknow,914.2,1079,948,9,0.58,0.48,0.28,0.28,0.2,0.2,0.18,0.15,0.29,115,8263.05,1303.53,6959.52,24.2,27,206,19,1,-32.2,2717.02,116,82,0.86,1
LA-TN-0212,Railway,Tamil Nadu,Tiruchirappalli,939.36,605,655,7,0.48,0.31,0.31,0.18,0.18,0.03,0.03,0.03,0.19,68,6417.02,175.13,6241.89,24.4,48,235,127,12,-43.2,4742.18,117,81,0.81,1
LA-R-0349,Industrial Corridor,Rajasthan,Jodhpur,280.42,777,750,6,0.44,0.33,0.23,0.13,0.13,0.13,0.07,0.07,0.19,53,12676.75,1197.05,11479.7,23.4,55,158,94,23,15.4,818.79,116,81,0.78,1
LA-AP-0807,SEZ,Andhra Pradesh,Rajahmundry,790.16,783,805,11,0.38,0.38,0.34,0.16,0.16,0.16,0.16,0.14,0.24,91,8677.75,1205.56,7472.19,20.3,48,234,93,2,-19.4,1574.65,114,80,0.87,1
LA-WB-0619,Expressway,West Bengal,Durgapur,2173.69,1478,1645,17,0.56,0.31,0.31,0.19,0.16,0.08,0.08,0,0.21,73,33913.37,2501.47,31411.9,20.4,37,225,90,3,10.0,1313.68,102,80,0.75,1
LA-TN-0236,SEZ,Tamil Nadu,Erode,191.94,276,256,4,0.72,0.46,0.46,0.46,0.22,0.21,0.21,0.19,0.37,21,2825.64,476.97,2348.67,20.7,49,127,55,7,-15.0,544.62,113,79,0.84,1
LA-AP-0813,Industrial Corridor,Andhra Pradesh,Rajahmundry,700.02,793,725,5,0.58,0.46,0.39,0.37,0.21,0.21,0.2,0.2,0.33,84,9406.02,1672.22,7733.8,22.9,32,254,40,6,-58.8,1234.53,105,79,0.82,1
LA-K-0302,SEZ,Karnataka,Davanagere,480.96,476,657,7,0.54,0.49,0.39,0.33,0.19,0.17,0.17,0.02,0.29,37,10735.55,1809.12,8926.43,23.7,48,139,16,0,-50.0,4180.31,117,78,0.7,1
LA-K-0259,Canal/Irrigation,Karnataka,Mysuru,99.96,286,298,3,0.54,0.37,0.31,0.27,0.27,0.27,0.07,0.07,0.27,16,3520.31,838.99,2681.32,19.9,37,92,42,10,-23.3,2451.54,93,78,0.78,1
LA-WB-0656,Smart City,West Bengal,Malda,2374.16,1347,1199,13,0.46,0.29,0.23,0.17,0.09,0.09,0.08,0.08,0.19,42,24018.75,2016.76,22001.99,4.7,56,63,16,0,-24.2,2302.18,113,77,0.72,1
LA-AP-0748,SEZ,Andhra Pradesh,Vijayawada,1236.21,865,1030,10,0.76,0.68,0.58,0.47,0.47,0.38,0.38,0.38,0.51,143,4963.85,1738.41,3225.44,20.8,53,160,33,6,-7.1,3808.79,110,77,0.8,1
LA-UP-0161,National Highway,Uttar Pradesh,Bareilly,606.43,587,556,6,0.6,0.4,0.4,0.29,0.29,0.27,0.09,0.09,0.3,72,6477.38,1351.56,5125.82,18.1,54,295,171,33,-33.3,624.17,108,77,0.83,1
LA-MP-0524,Power Transmission,Madhya Pradesh,Jabalpur,2734.51,1641,1908,16,0.37,0.37,0.17,0.17,0.17,0.16,0.11,0.11,0.2,87,40974.37,5908.75,35065.62,11.8,48,70,12,1,-63.6,1665.03,100,77,0.7,1
LA-AP-0763,Railway,Andhra Pradesh,Guntur,1589.34,1461,1567,15,0.33,0.33,0.17,0.17,0.17,0.09,0.09,0,0.17,151,27690.8,2172.27,25518.53,14.0,46,292,78,14,-96.4,4098.78,128,76,0.7,1
LA-K-0295,SEZ,Karnataka,Belagavi,2496.37,1545,1625,17,0.76,0.51,0.44,0.36,0.31,0.31,0.3,0.12,0.39,63,24230.73,7333.82,16896.91,19.2,58,66,36,5,19.0,603.81,119,76,0.69,1
LA-K-0319,Defence,Karnataka,Tumakuru,1706.65,1464,1495,16,0.48,0.42,0.32,0.22,0.12,0.07,0.07,0.07,0.22,163,26633.49,1471.22,25162.27,23.3,45,51,16,3,-33.3,4529.88,118,76,0.74,1
LA-UP-0157,Power Transmission,Uttar Pradesh,Bareilly,402.95,764,719,7,0.57,0.57,0.44,0.44,0.32,0.22,0.22,0.22,0.38,52,12290.99,2176.91,10114.08,18.2,44,103,32,0,-65.9,2005.71,116,76,0.69,1
LA-AP-0801,Canal/Irrigation,Andhra Pradesh,Kakinada,660.55,1426,1529,15,0.55,0.54,0.41,0.28,0.28,0.1,0.1,0.06,0.29,229,10552.95,728.84,9824.11,18.3,16,73,31,4,0.0,2250.63,112,76,0.77,1
LA-WB-0655,Expressway,West Bengal,Malda,1270.91,1690,1608,16,0.5,0.38,0.38,0.25,0.23,0.08,0.08,0.08,0.25,215,32168.94,2358.27,29810.67,19.6,29,221,38,3,2.0,697.77,111,76,0.83,1
LA-K-0248,Metro Rail,Karnataka,Bengaluru,656.99,1604,1636,15,0.58,0.58,0.31,0.31,0.24,0.17,0.17,0.16,0.32,150,32295.08,5518.79,26776.29,22.2,58,97,53,3,-12.3,3135.41,108,76,0.68,1
LA-T-0723,SEZ,Telangana,Nalgonda,556.39,1551,1585,12,0.5,0.5,0.47,0.36,0.2,0.2,0.2,0.02,0.31,222,21918.44,4347.15,17571.29,23.4,56,93,55,9,-25.5,3116.83,108,76,0.71,1
LA-R-0384,Industrial Corridor,Rajasthan,Ajmer,360.26,353,329,6,0.56,0.53,0.31,0.26,0.14,0.14,0.04,0,0.25,26,2436.86,333.16,2103.7,17.5,50,253,59,15,37.5,728.69,106,76,0.74,1
LA-WB-0586,Smart City,West Bengal,Kolkata,2853.37,1766,1669,17,0.57,0.31,0.31,0.31,0.27,0.25,0.11,0,0.27,192,22032.92,4527.46,17505.46,16.7,48,241,40,9,-73.0,1226.34,96,76,0.7,1
LA-MP-0530,Smart City,Madhya Pradesh,Gwalior,406.38,262,431,3,0.48,0.48,0.42,0.37,0.37,0.28,0.18,0.06,0.33,30,5082.69,999.88,4082.81,12.4,52,298,40,1,-52.4,3030.82,91,76,0.82,1
LA-UP-0143,Industrial Corridor,Uttar Pradesh,Ghaziabad,504.51,1542,1475,15,0.46,0.46,0.25,0.25,0.24,0.01,0.01,0.01,0.21,186,26135.64,245.62,25890.02,23.9,45,297,32,2,12.2,1117.59,140,75,0.75,1
LA-AP-0810,SEZ,Andhra Pradesh,Rajahmundry,1911.34,1706,1597,13,0.33,0.33,0.24,0.23,0.23,0.06,0.06,0.06,0.19,179,40867.93,1890.12,38977.81,23.6,32,273,101,14,13.0,4661.04,133,75,0.82,1
LA-TN-0209,Defence,Tamil Nadu,Salem,944.45,780,795,8,0.41,0.41,0.41,0.27,0.2,0.2,0.11,0,0.25,8,12787.89,2327.21,10460.68,21.6,59,82,16,0,-67.5,4054.3,120,75,0.81,1
LA-AP-0747,Defence,Andhra Pradesh,Vijayawada,1058.74,443,583,6,0.64,0.62,0.37,0.37,0.37,0.22,0.22,0.22,0.38,23,6434.3,1136.1,5298.2,18.8,36,83,49,3,-27.6,1074.09,112,75,0.79,1
LA-R-0351,Defence,Rajasthan,Jodhpur,831.56,1221,1252,11,0.44,0.44,0.44,0.32,0.32,0.32,0.31,0.13,0.34,56,7730.05,2388.02,5342.03,23.5,26,267,47,13,-25.6,734.43,105,75,0.77,1
LA-WB-0580,Canal/Irrigation,West Bengal,Kolkata,52.98,173,165,3,0.51,0.51,0.51,0.31,0.31,0.31,0.23,0.11,0.35,19,1028.89,240.23,788.66,13.3,57,269,15,1,-33.3,1618.43,105,75,0.75,1
LA-K-0285,Expressway,Karnataka,Belagavi,218.96,344,414,3,0.74,0.64,0.52,0.52,0.4,0.36,0.32,0.23,0.47,20,6257.93,2139.74,4118.19,24.1,59,179,31,4,14.6,441.03,102,75,0.7,1
LA-R-0374,Airport,Rajasthan,Kota,1989.6,1047,1121,15,0.65,0.47,0.39,0.32,0.24,0.24,0.24,0.06,0.33,28,13508.2,3089.42,10418.78,18.7,49,266,29,0,-5.4,3902.7,102,75,0.8,1
LA-WB-0630,Power Transmission,West Bengal,Asansol,1022.34,1305,1459,14,0.53,0.5,0.39,0.17,0.17,0.1,0.1,0.1,0.26,13,21460.56,1567.67,19892.89,23.9,34,248,129,27,2.8,3257.44,100,75,0.69,1
LA-TN-0230,Expressway,Tamil Nadu,Erode,718.48,561,614,5,0.54,0.48,0.45,0.22,0.22,0.22,0.22,0.07,0.3,24,3313.8,570.13,2743.67,17.4,30,98,35,2,-7.9,3267.17,93,75,0.69,1
LA-R-0355,Smart City,Rajasthan,Jodhpur,817.4,639,593,4,0.43,0.42,0.29,0.24,0.22,0.22,0.11,0.11,0.26,74,13619.92,2254.31,11365.61,9.7,40,287,64,2,-9.5,2385.01,90,75,0.69,1
LA-T-0714,National Highway,Telangana,Mahbubnagar,1367.73,1283,1189,11,0.44,0.44,0.42,0.25,0.24,0.17,0.17,0.17,0.29,45,20071.69,3247.88,16823.81,24.8,20,300,29,2,8.5,2164.82,90,75,0.78,1
LA-K-0314,SEZ,Karnataka,Ballari,347.23,902,956,8,0.63,0.42,0.42,0.36,0.2,0.09,0.09,0.09,0.29,48,7093.35,587.5,6505.85,23.5,32,147,79,0,-52.0,1688.71,122,74,0.66,1
LA-R-0385,Power Transmission,Rajasthan,Ajmer,769.53,646,613,5,0.61,0.57,0.4,0.21,0.21,0.18,0.18,0.18,0.32,31,5662.32,875.55,4786.77,19.3,47,200,116,10,-8.3,1510.84,106,74,0.75,1
LA-M-0052,Canal/Irrigation,Maharashtra,Solapur,851.45,464,495,8,0.45,0.38,0.33,0.33,0.27,0.27,0.27,0.07,0.3,62,4672.82,1064.24,3608.58,21.0,19,263,70,13,0.0,4639.8,105,74,0.78,1
LA-TN-0205,Railway,Tamil Nadu,Salem,356.13,535,636,6,0.4,0.35,0.35,0.29,0.29,0.09,0.02,0.01,0.23,1,8271.07,525.81,7745.26,19.6,52,193,93,9,-7.7,2448.34,101,74,0.72,1
LA-T-0676,State Highway,Telangana,Warangal,577.93,386,387,4,0.57,0.48,0.26,0.14,0.14,0.14,0.14,0.11,0.25,16,4512.64,608.99,3903.65,22.0,29,280,92,22,0.0,3269.92,99,74,0.8,1
LA-AP-0812,Metro Rail,Andhra Pradesh,Rajahmundry,700.66,1942,1921,18,0.38,0.38,0.3,0.28,0.23,0.23,0.22,0.18,0.28,264,13462.86,2960.41,10502.45,23.9,8,124,37,8,-39.1,2808.82,97,74,0.8,1
LA-MP-0572,Smart City,Madhya Pradesh,Satna,220.17,373,399,4,0.73,0.73,0.67,0.48,0.46,0.46,0.46,0.28,0.53,8,7580.44,3069.17,4511.27,22.9,60,100,31,6,16.1,4089.53,95,74,0.8,1
LA-UP-0094,Expressway,Uttar Pradesh,Varanasi,792.93,403,506,5,0.75,0.75,0.6,0.56,0.56,0.43,0.41,0.33,0.55,29,5098.96,2186.37,2912.59,22.9,54,86,37,4,-25.0,2060.31,94,74,0.75,1
LA-MP-0541,National Highway,Madhya Pradesh,Ujjain,2911.98,1865,1771,18,0.62,0.57,0.47,0.4,0.24,0.1,0.1,0.1,0.33,56,23921.83,2226.7,21695.13,6.4,52,264,21,4,-28.2,2360.63,89,74,0.79,1
LA-MP-0537,Power Transmission,Madhya Pradesh,Gwalior,1140.1,626,721,8,0.4,0.29,0.29,0.29,0.17,0.17,0.01,0.0,0.2,86,12450.59,1828.03,10622.56,21.0,52,116,47,12,-63.2,2292.15,126,73,0.66,1
LA-T-0681,Canal/Irrigation,Telangana,Nizamabad,2504.8,2018,1831,16,0.61,0.53,0.27,0.27,0.27,0.15,0.15,0,0.28,245,11816.6,1536.93,10279.67,23.1,17,59,34,6,-12.9,4293.2,119,73,0.73,1
LA-TN-0224,SEZ,Tamil Nadu,Erode,752.17,321,383,3,0.6,0.37,0.18,0.18,0.18,0.18,0.18,0,0.23,55,7576.61,1062.55,6514.06,13.8,48,263,111,28,14.0,4739.87,113,73,0.76,1
LA-UP-0155,State Highway,Uttar Pradesh,Ghaziabad,240.09,589,608,7,0.65,0.53,0.46,0.46,0.44,0.26,0.26,0.2,0.41,24,11024.51,2655.12,8369.39,20.8,37,88,46,10,-37.7,4881.4,105,73,0.66,1
LA-M-0029,Industrial Corridor,Maharashtra,Aurangabad,836.76,790,982,13,0.38,0.38,0.38,0.21,0.18,0.18,0.12,0.04,0.23,27,9098.74,1462.62,7636.12,20.2,34,259,136,37,16.7,1980.41,100,73,0.69,1
LA-TN-0195,SEZ,Tamil Nadu,Coimbatore,272.57,694,675,8,0.49,0.49,0.32,0.32,0.32,0.19,0.1,0.04,0.28,9,7496.65,1022.83,6473.82,16.6,29,156,61,15,-83.3,4550.43,98,73,0.8,1
LA-M-0044,SEZ,Maharashtra,Thane,565.87,1723,1574,16,0.78,0.49,0.49,0.46,0.31,0.21,0.21,0.21,0.4,75,31329.57,5369.17,25960.4,15.3,44,130,8,1,7.5,2063.57,92,73,0.81,1
LA-G-0476,Industrial Corridor,Gujarat,Jamnagar,933.82,664,723,6,0.74,0.69,0.59,0.58,0.54,0.39,0.39,0.39,0.54,96,15728.05,5090.35,10637.7,24.9,36,161,69,6,-96.0,3253.75,90,73,0.68,1
LA-R-0345,Railway,Rajasthan,Jaipur,559.43,994,1022,10,0.45,0.45,0.33,0.33,0.29,0.17,0.12,0.09,0.28,60,8122.87,1148.73,6974.14,19.8,59,244,64,18,-3.5,3074.48,123,72,0.66,1
LA-WB-0624,Power Transmission,West Bengal,Durgapur,571.91,2140,1801,15,0.8,0.53,0.53,0.4,0.4,0.24,0.24,0.24,0.42,220,19895.79,3988.73,15907.06,16.0,58,248,18,1,-46.6,4612.87,111,72,0.78,1
LA-WB-0629,State Highway,West Bengal,Asansol,1865.74,1774,1909,17,0.59,0.59,0.49,0.43,0.39,0.22,0.22,0.22,0.39,72,9723.09,2032.55,7690.54,23.0,60,197,14,3,-22.5,1763.9,108,72,0.72,1
LA-T-0716,Airport,Telangana,Mahbubnagar,1284.78,1399,1526,13,0.46,0.46,0.46,0.4,0.15,0.15,0.15,0.13,0.29,102,30426.28,3798.36,26627.92,16.5,54,213,27,0,-32.7,3088.35,108,72,0.69,1
LA-T-0704,Power Transmission,Telangana,Khammam,2609.34,1720,1751,14,0.44,0.41,0.41,0.37,0.37,0.24,0.21,0.17,0.33,129,16470.96,2931.59,13539.37,20.6,37,225,14,4,-2.8,3500.11,105,72,0.74,1
LA-WB-0591,National Highway,West Bengal,Howrah,458.82,264,257,3,0.52,0.52,0.52,0.33,0.32,0.24,0.24,0.09,0.35,38,2223.57,481.11,1742.46,18.7,59,133,36,8,-12.2,2435.91,104,72,0.77,1
LA-M-0067,Expressway,Maharashtra,Amravati,1813.74,823,954,11,0.74,0.74,0.57,0.48,0.48,0.33,0.33,0.26,0.49,48,13470.64,4411.2,9059.44,18.8,50,245,22,2,-17.1,373.53,101,72,0.73,1
LA-MP-0517,Industrial Corridor,Madhya Pradesh,Jabalpur,3656.01,2125,2095,18,0.68,0.58,0.58,0.39,0.39,0.34,0.34,0.22,0.44,195,41446.09,13541.22,27904.87,20.7,53,205,117,32,14.8,324.57,99,72,0.65,1
LA-TN-0203,Railway,Tamil Nadu,Madurai,2867.35,1984,1880,15,0.72,0.65,0.52,0.47,0.47,0.36,0.34,0.31,0.48,185,27882.47,7841.79,20040.68,20.4,39,132,37,5,-11.3,1646.47,98,72,0.68,1
LA-UP-0154,Industrial Corridor,Uttar Pradesh,Ghaziabad,1762.45,1192,1243,9,0.45,0.31,0.3,0.14,0.1,0.1,0.03,0,0.18,48,15705.8,1390.74,14315.06,9.8,35,59,35,1,-86.2,2839.82,91,72,0.76,1
LA-WB-0639,Defence,West Bengal,Asansol,200.68,440,369,4,0.46,0.46,0.45,0.28,0.24,0.24,0.19,0.19,0.31,17,7289.28,1670.28,5619.0,18.6,24,139,44,0,-32.7,3411.74,83,72,0.7,1
LA-MP-0552,Power Transmission,Madhya Pradesh,Sagar,973.86,681,638,7,0.5,0.37,0.37,0.21,0.21,0.18,0.18,0.11,0.27,29,7555.59,1105.01,6450.58,14.2,59,178,11,0,1.9,2499.72,116,71,0.75,1
LA-UP-0127,SEZ,Uttar Pradesh,Prayagraj,2638.23,1676,1566,14,0.53,0.43,0.36,0.36,0.36,0.32,0.15,0.15,0.33,124,14516.8,3689.96,10826.84,23.7,14,242,86,13,-13.2,2942.32,109,71,0.71,1
LA-K-0246,State Highway,Karnataka,Bengaluru,1029.03,552,525,4,0.62,0.45,0.41,0.38,0.36,0.17,0.04,0.04,0.31,54,12405.69,1844.92,10560.77,16.3,32,253,106,14,-10.5,159.69,108,71,0.65,1
LA-R-0380,Expressway,Rajasthan,Kota,1350.18,1196,1118,8,0.7,0.62,0.45,0.34,0.29,0.29,0.22,0.22,0.39,132,16909.45,3631.1,13278.35,21.9,12,83,18,5,-96.0,571.91,107,71,0.63,1
LA-WB-0646,Metro Rail,West Bengal,Bardhaman,558.36,1262,1502,16,0.54,0.54,0.27,0.27,0.27,0.19,0.06,0.06,0.28,208,26589.06,4074.03,22515.03,8.2,42,94,38,9,-81.8,2117.06,101,71,0.76,1
LA-K-0287,Power Transmission,Karnataka,Belagavi,900.87,601,600,6,0.73,0.52,0.41,0.3,0.3,0.3,0.3,0.3,0.4,43,7382.41,1614.59,5767.82,20.3,48,66,29,5,-12.2,3441.13,99,71,0.69,1
LA-MP-0528,Canal/Irrigation,Madhya Pradesh,Gwalior,717.95,745,574,7,0.51,0.51,0.51,0.39,0.34,0.34,0.34,0.24,0.4,67,14547.7,4950.38,9597.32,24.7,36,108,16,2,-43.3,2773.59,98,71,0.69,1
LA-WB-0628,Railway,West Bengal,Durgapur,614.83,828,673,8,0.71,0.49,0.49,0.3,0.29,0.29,0.29,0.15,0.38,53,10955.72,3063.42,7892.3,20.6,60,273,65,19,16.7,568.17,96,71,0.68,1
LA-AP-0787,Expressway,Andhra Pradesh,Kurnool,499.6,690,556,4,0.61,0.51,0.51,0.51,0.5,0.32,0.32,0.16,0.43,18,13525.22,3836.8,9688.42,23.7,28,52,32,7,13.0,2780.17,83,71,0.73,1
LA-K-0286,Industrial Corridor,Karnataka,Belagavi,2553.79,1536,1481,12,0.6,0.48,0.33,0.33,0.25,0.25,0.23,0.23,0.34,114,9283.5,1789.71,7493.79,20.8,57,82,41,10,-55.3,4141.85,128,70,0.68,1
LA-T-0699,State Highway,Telangana,Karimnagar,1109.97,1725,1751,17,0.85,0.63,0.52,0.5,0.43,0.41,0.35,0.34,0.5,224,41358.0,12535.32,28822.68,19.9,60,62,8,2,9.3,430.75,116,70,0.63,1
LA-AP-0759,Railway,Andhra Pradesh,Guntur,508.2,1034,1118,12,0.5,0.5,0.49,0.47,0.37,0.32,0.17,0.09,0.36,19,18968.66,4449.35,14519.31,16.4,60,215,104,7,-46.2,1688.35,115,70,0.66,1
LA-G-0428,Railway,Gujarat,Surat,806.12,380,408,4,0.5,0.39,0.34,0.27,0.22,0.05,0.05,0.05,0.23,52,5524.98,238.01,5286.97,21.8,29,145,19,0,-4.2,2883.24,110,70,0.63,1
LA-MP-0521,National Highway,Madhya Pradesh,Jabalpur,263.47,609,535,6,0.6,0.6,0.58,0.4,0.4,0.38,0.38,0.15,0.44,50,8091.49,2720.22,5371.27,17.9,39,104,58,3,4.3,3843.82,103,70,0.7,1
LA-K-0325,National Highway,Karnataka,Tumakuru,622.39,1609,1597,15,0.55,0.46,0.32,0.18,0.18,0.18,0.1,0.1,0.26,137,37221.57,5784.37,31437.2,10.1,39,283,81,18,9.1,3487.8,97,70,0.63,1
LA-MP-0567,Smart City,Madhya Pradesh,Satna,2715.44,1908,1804,18,0.76,0.76,0.63,0.62,0.56,0.56,0.56,0.47,0.61,220,17404.44,8588.41,8816.03,21.3,59,216,80,6,-13.3,434.22,95,70,0.75,1
LA-TN-0238,Metro Rail,Tamil Nadu,Vellore,719.94,540,604,5,0.72,0.48,0.35,0.35,0.35,0.29,0.2,0.19,0.37,85,12083.35,3398.48,8684.87,19.7,32,264,46,2,-50.0,4116.45,90,70,0.62,1
LA-MP-0577,Industrial Corridor,Madhya Pradesh,Satna,399.59,667,718,9,0.51,0.51,0.41,0.26,0.26,0.26,0.12,0.08,0.3,43,4395.55,997.12,3398.43,22.3,6,65,14,1,-30.0,1473.48,90,70,0.78,1
LA-T-0708,Defence,Telangana,Mahbubnagar,1601.8,1061,1214,12,0.39,0.37,0.27,0.27,0.21,0.2,0.06,0,0.22,110,16450.4,2481.95,13968.45,22.6,0,227,28,2,-42.1,1205.29,90,70,0.76,1
LA-MP-0522,SEZ,Madhya Pradesh,Jabalpur,3284.37,1877,1933,15,0.51,0.51,0.42,0.41,0.4,0.28,0.17,0.17,0.36,81,37001.65,7973.47,29028.18,24.8,19,77,46,0,7.1,3086.77,87,70,0.67,1
LA-T-0680,Industrial Corridor,Telangana,Nizamabad,2442.99,1993,1814,16,0.62,0.44,0.39,0.32,0.24,0.07,0.07,0.01,0.27,23,23616.39,1579.87,22036.52,15.7,49,116,66,16,-10.3,4100.1,98,69,0.64,1
LA-MP-0534,Industrial Corridor,Madhya Pradesh,Gwalior,592.71,1134,1176,11,0.43,0.33,0.23,0.23,0.13,0.13,0.1,0.0,0.2,115,10500.97,1018.04,9482.93,13.1,4,174,87,7,-22.4,1365.58,93,69,0.7,1
LA-G-0483,Smart City,Gujarat,Junagadh,194.95,353,398,4,0.67,0.6,0.38,0.38,0.36,0.24,0.21,0.21,0.38,44,8773.71,2105.33,6668.38,17.8,39,224,35,4,23.1,3630.86,92,69,0.74,1
LA-G-0454,Canal/Irrigation,Gujarat,Bhavnagar,2245.73,1389,1380,11,0.5,0.47,0.32,0.26,0.26,0.07,0.07,0.07,0.25,36,13869.31,717.93,13151.38,14.7,18,76,19,4,-35.5,3215.75,91,69,0.63,1
LA-UP-0151,Defence,Uttar Pradesh,Ghaziabad,242.68,674,711,7,0.48,0.39,0.38,0.2,0.15,0.15,0.15,0,0.24,81,15634.73,2173.96,13460.77,5.8,30,194,14,1,16.2,1987.99,90,69,0.62,1
LA-R-0390,Smart City,Rajasthan,Ajmer,2286.2,1233,1246,12,0.47,0.33,0.33,0.14,0.14,0.12,0,0,0.19,160,27451.87,3326.8,24125.07,14.2,4,218,77,18,-15.3,3455.9,89,69,0.67,1
LA-K-0278,Defence,Karnataka,Mangaluru,1071.12,1681,1820,16,0.5,0.5,0.38,0.21,0.21,0.19,0.19,0.11,0.29,7,14834.17,2611.64,12222.53,22.2,14,177,32,7,-94.7,2365.51,84,69,0.69,1
LA-T-0711,Metro Rail,Telangana,Mahbubnagar,663.91,690,611,5,0.35,0.35,0.35,0.26,0.17,0.17,0.13,0,0.22,28,13771.94,2296.52,11475.42,2.0,51,166,63,2,-93.8,3944.44,79,69,0.76,1
LA-TN-0207,SEZ,Tamil Nadu,Salem,1667.81,1398,1259,10,0.33,0.33,0.33,0.21,0.17,0.03,0,0,0.18,166,33153.5,755.99,32397.51,13.8,20,166,50,1,6.1,1122.59,115,68,0.68,1
LA-R-0396,State Highway,Rajasthan,Bikaner,634.15,1026,1008,14,0.48,0.36,0.29,0.24,0.24,0.17,0.08,0.08,0.24,40,20999.43,3053.58,17945.85,11.1,51,256,147,31,-51.0,2401.62,109,68,0.71,1
LA-G-0442,Defence,Gujarat,Rajkot,688.76,537,438,4,0.52,0.52,0.3,0.3,0.21,0.19,0.13,0.13,0.29,41,4839.89,875.06,3964.83,17.9,20,88,35,9,-25.0,2413.91,108,68,0.66,1
LA-K-0262,Metro Rail,Karnataka,Mysuru,968.01,726,518,3,0.63,0.4,0.36,0.29,0.25,0.25,0.25,0,0.3,38,15992.59,3499.55,12493.04,13.6,52,74,29,5,-37.5,3764.49,107,68,0.63,1
LA-M-0055,Metro Rail,Maharashtra,Solapur,550.73,728,743,10,0.5,0.5,0.46,0.31,0.31,0.19,0.19,0.16,0.33,40,4250.87,754.3,3496.57,3.4,45,205,100,10,10.8,4162.1,100,68,0.6,1
LA-AP-0808,Defence,Andhra Pradesh,Rajahmundry,1410.76,804,745,6,0.48,0.48,0.39,0.35,0.29,0.29,0.2,0.2,0.33,82,6827.42,1718.54,5108.88,14.0,44,299,77,10,-35.6,2912.26,100,68,0.68,1
LA-WB-0633,Canal/Irrigation,West Bengal,Asansol,1800.7,1381,1446,12,0.67,0.62,0.36,0.36,0.36,0.22,0.22,0.21,0.38,168,13538.63,2309.36,11229.27,20.5,18,221,90,20,-18.9,3397.46,88,68,0.74,1
LA-M-0068,Industrial Corridor,Maharashtra,Amravati,623.91,383,392,7,0.52,0.33,0.33,0.31,0.29,0.06,0.06,0.06,0.24,24,4890.12,253.09,4637.03,8.2,24,206,110,8,-9.5,3968.38,85,68,0.74,1
LA-K-0305,Railway,Karnataka,Ballari,416.74,349,398,5,0.49,0.49,0.49,0.45,0.35,0.16,0.16,0.16,0.34,55,6015.76,838.1,5177.66,4.9,46,133,53,13,-8.5,3353.19,81,68,0.75,1
LA-AP-0771,Expressway,Andhra Pradesh,Nellore,376.23,516,515,4,0.54,0.52,0.21,0.2,0.2,0.2,0.2,0.15,0.28,46,5471.36,865.01,4606.35,22.8,15,118,10,3,-63.2,1814.72,114,67,0.67,1
LA-WB-0638,Power Transmission,West Bengal,Asansol,1346.23,1627,1456,16,0.65,0.65,0.49,0.49,0.45,0.45,0.38,0.2,0.47,64,9209.12,4036.48,5172.64,20.2,47,125,44,12,-5.7,1759.89,108,67,0.68,1
LA-R-0376,SEZ,Rajasthan,Kota,533.02,334,375,4,0.73,0.56,0.45,0.38,0.38,0.31,0.27,0.23,0.41,41,6079.95,1513.81,4566.14,15.6,28,228,15,1,18.8,2956.86,104,67,0.74,1
LA-G-0418,Power Transmission,Gujarat,Ahmedabad,2687.88,1541,1451,18,0.44,0.44,0.31,0.25,0.23,0.07,0.04,0.04,0.23,30,35279.56,1931.01,33348.55,8.4,59,287,93,9,-50.0,2084.03,104,67,0.75,1
LA-WB-0647,Power Transmission,West Bengal,Bardhaman,185.05,181,265,3,0.48,0.42,0.34,0.34,0.33,0.17,0.16,0.07,0.29,0,3920.25,470.19,3450.06,13.6,59,150,10,0,17.6,2412.02,104,67,0.61,1
LA-WB-0592,Expressway,West Bengal,Howrah,354.36,347,426,4,0.45,0.45,0.38,0.19,0.19,0.19,0.03,0.03,0.24,8,6712.62,1178.8,5533.82,11.6,52,59,17,0,-93.3,2317.99,102,67,0.74,1
LA-K-0298,Power Transmission,Karnataka,Belagavi,861.2,1558,1760,18,0.71,0.61,0.61,0.61,0.47,0.35,0.35,0.35,0.51,185,19703.4,4904.46,14798.94,21.1,47,205,102,14,-23.6,1666.69,101,67,0.6,1
LA-R-0348,Industrial Corridor,Rajasthan,Jodhpur,1503.43,949,984,9,0.41,0.41,0.28,0.25,0.25,0.1,0.1,0.07,0.23,86,4931.07,464.65,4466.42,21.2,31,110,33,7,42.1,1738.44,100,67,0.65,1
LA-K-0250,Railway,Karnataka,Bengaluru,1398.13,1764,1584,13,0.53,0.48,0.4,0.15,0.15,0.11,0.01,0,0.23,114,26171.99,2161.77,24010.22,18.1,31,186,106,10,-38.9,3885.92,94,67,0.74,1
LA-TN-0231,Canal/Irrigation,Tamil Nadu,Erode,1865.44,1192,1247,12,0.69,0.54,0.43,0.4,0.27,0.26,0.22,0.13,0.37,121,12915.98,3108.04,9807.94,15.7,16,133,80,11,-25.0,906.64,91,67,0.66,1
LA-G-0474,Airport,Gujarat,Jamnagar,1439.82,791,810,7,0.47,0.43,0.43,0.31,0.31,0.19,0.19,0.19,0.32,71,4997.11,761.0,4236.11,15.4,33,190,95,23,-55.8,2743.52,89,67,0.69,1
LA-T-0712,Smart City,Telangana,Mahbubnagar,1571.67,1198,1084,9,0.45,0.45,0.3,0.3,0.3,0.3,0.22,0.22,0.32,144,19181.37,4848.23,14333.14,9.4,42,223,107,14,-36.2,2595.0,89,67,0.71,1
LA-M-0042,SEZ,Maharashtra,Thane,1741.65,1168,933,10,0.63,0.59,0.45,0.39,0.24,0.24,0.21,0.1,0.36,14,21045.17,4994.66,16050.51,18.9,15,241,117,25,-48.3,2118.31,84,67,0.65,1
LA-AP-0739,National Highway,Andhra Pradesh,Visakhapatnam,337.76,676,675,7,0.38,0.38,0.38,0.25,0.25,0.23,0.09,0.02,0.25,94,12225.6,2128.25,10097.35,23.7,37,286,139,22,-56.0,1309.64,120,66,0.73,1
LA-WB-0595,Industrial Corridor,West Bengal,Howrah,882.97,503,521,8,0.71,0.71,0.68,0.45,0.45,0.36,0.35,0.35,0.51,56,12205.49,3877.61,8327.88,19.5,50,279,59,13,-28.6,3420.07,107,66,0.66,1
LA-M-0012,Expressway,Maharashtra,Nagpur,986.3,638,512,3,0.63,0.63,0.55,0.48,0.45,0.38,0.22,0.18,0.44,71,6998.85,2578.71,4420.14,24.6,49,75,28,7,0.0,4678.41,105,66,0.69,1
LA-G-0457,National Highway,Gujarat,Bhavnagar,569.17,1317,1232,12,0.64,0.53,0.35,0.35,0.35,0.35,0.34,0.2,0.39,181,11591.02,3117.42,8473.6,14.5,47,273,106,5,-6.7,1232.01,105,66,0.59,1
LA-M-0003,National Highway,Maharashtra,Pune,401.98,327,421,6,0.68,0.42,0.42,0.4,0.4,0.35,0.28,0.16,0.39,8,7840.64,2687.09,5153.55,16.3,42,56,33,7,-11.8,1950.69,102,66,0.63,1
LA-G-0491,Defence,Gujarat,Gandhinagar,2338.67,1564,1577,15,0.73,0.43,0.33,0.33,0.25,0.22,0.22,0.22,0.34,53,18239.89,3883.11,14356.78,6.2,40,79,21,0,24.3,193.77,101,66,0.69,1
LA-T-0709,Railway,Telangana,Mahbubnagar,1566.3,1101,1358,14,0.44,0.39,0.39,0.33,0.33,0.22,0.22,0.15,0.31,132,24906.62,4390.56,20516.06,16.0,12,71,5,1,19.0,3940.24,96,66,0.72,1
LA-G-0417,Airport,Gujarat,Ahmedabad,511.6,1091,1129,11,0.92,0.7,0.6,0.48,0.48,0.38,0.38,0.35,0.54,110,23230.58,6714.08,16516.5,24.6,54,222,118,35,14.3,4282.79,95,66,0.73,1
LA-K-0328,SEZ,Karnataka,Tumakuru,3184.62,1974,2047,17,0.69,0.69,0.47,0.45,0.45,0.3,0.3,0.2,0.44,282,42387.29,9245.05,33142.24,11.5,35,168,41,8,-32.7,3689.01,94,66,0.64,1
LA-MP-0535,Smart City,Madhya Pradesh,Gwalior,395.75,885,911,6,0.98,0.84,0.73,0.55,0.55,0.55,0.4,0.4,0.62,49,11691.02,4567.65,7123.37,23.7,60,102,27,1,-49.2,3274.27,94,66,0.73,1
LA-AP-0799,Railway,Andhra Pradesh,Tirupati,3428.91,1899,1972,17,0.66,0.66,0.65,0.39,0.36,0.36,0.3,0.2,0.45,91,46873.83,13378.21,33495.62,14.0,32,165,62,17,-71.4,4463.64,94,66,0.69,1
LA-R-0371,National Highway,Rajasthan,Kota,908.29,695,636,8,0.57,0.47,0.29,0.29,0.17,0.17,0.17,0.06,0.27,13,5116.65,677.71,4438.94,23.6,32,128,17,3,-89.3,2189.01,92,66,0.61,1
LA-M-0065,Metro Rail,Maharashtra,Kolhapur,552.48,1372,1415,11,0.75,0.75,0.52,0.52,0.51,0.34,0.34,0.34,0.51,37,8610.04,2343.25,6266.79,24.0,17,72,40,6,13.3,1749.31,88,66,0.7,1
LA-UP-0163,Airport,Uttar Pradesh,Bareilly,2036.23,1812,1853,15,0.46,0.46,0.31,0.31,0.31,0.31,0.31,0.14,0.33,192,17085.25,4950.05,12135.2,5.9,47,141,37,10,-31.7,164.88,88,66,0.61,1
LA-K-0264,Smart City,Karnataka,Hubballi,1244.23,1563,1664,16,0.66,0.55,0.55,0.4,0.4,0.26,0.2,0.18,0.4,196,12138.83,2394.76,9744.07,24.2,11,271,96,26,6.1,2199.1,86,66,0.68,1
LA-R-0342,Expressway,Rajasthan,Jaipur,968.72,1302,1310,12,0.63,0.47,0.47,0.3,0.3,0.26,0.16,0.16,0.34,24,21746.5,5091.03,16655.47,4.5,52,197,112,28,28.1,3224.07,77,66,0.62,1
LA-T-0737,Metro Rail,Telangana,Adilabad,607.18,764,880,9,0.58,0.58,0.48,0.48,0.37,0.37,0.29,0.28,0.43,74,4704.08,1264.51,3439.57,23.6,54,286,16,1,-33.3,4141.52,105,65,0.69,1
LA-R-0356,Defence,Rajasthan,Udaipur,353.51,1094,1144,13,0.51,0.51,0.36,0.36,0.11,0.11,0.11,0.11,0.27,111,16311.06,1353.99,14957.07,19.7,33,209,27,2,-65.1,1296.32,104,65,0.71,1
LA-MP-0520,State Highway,Madhya Pradesh,Jabalpur,1040.81,1189,1101,9,0.63,0.38,0.38,0.38,0.22,0.22,0.22,0.16,0.32,116,28889.61,5561.71,23327.9,21.1,9,289,46,3,-93.3,4262.9,97,65,0.72,1
LA-T-0720,State Highway,Telangana,Nalgonda,201.18,579,541,6,0.83,0.83,0.53,0.53,0.45,0.35,0.35,0.35,0.53,25,14388.55,4552.07,9836.48,24.3,19,128,13,0,19.4,637.33,96,65,0.65,1
LA-R-0409,Expressway,Rajasthan,Alwar,2410.55,1390,1458,14,0.44,0.44,0.39,0.29,0.22,0.21,0.21,0.21,0.3,48,32038.91,5810.89,26228.02,20.4,42,60,24,3,-87.5,3009.3,93,65,0.65,1
LA-T-0663,Airport,Telangana,Hyderabad,744.66,1489,1460,15,0.47,0.27,0.27,0.27,0.25,0.09,0.08,0.03,0.22,100,34381.44,2280.44,32101.0,12.2,25,189,26,3,14.3,1600.97,93,65,0.64,1
LA-MP-0516,Smart City,Madhya Pradesh,Jabalpur,1707.41,1848,1640,15,0.82,0.73,0.66,0.53,0.53,0.36,0.36,0.36,0.54,237,25356.52,8225.33,17131.19,22.3,47,292,85,10,-13.3,1602.41,91,65,0.57,1
LA-T-0732,Expressway,Telangana,Adilabad,346.87,726,557,4,0.58,0.58,0.51,0.4,0.4,0.34,0.34,0.19,0.42,31,12597.08,3158.75,9438.33,5.2,60,117,47,12,15.6,3181.57,90,65,0.58,1
LA-AP-0758,Defence,Andhra Pradesh,Vijayawada,1558.66,1274,1258,12,0.72,0.72,0.72,0.47,0.47,0.35,0.35,0.35,0.52,152,29696.82,7749.3,21947.52,10.8,52,150,33,6,-21.1,1386.33,90,65,0.72,1
LA-UP-0092,National Highway,Uttar Pradesh,Varanasi,1580.1,1640,1641,15,0.62,0.4,0.29,0.29,0.28,0.22,0.22,0.18,0.31,72,8252.01,1541.85,6710.16,9.5,25,166,23,4,0.0,2186.48,88,65,0.66,1
LA-AP-0770,Power Transmission,Andhra Pradesh,Nellore,814.31,1130,1032,13,0.68,0.54,0.54,0.38,0.38,0.34,0.33,0.17,0.42,5,10062.02,3096.58,6965.44,8.6,57,161,10,0,-53.2,1102.8,88,65,0.58,1
LA-G-0431,Railway,Gujarat,Surat,1092.64,804,747,8,0.51,0.51,0.41,0.38,0.27,0.22,0.18,0.18,0.33,43,6569.64,1272.69,5296.95,2.8,52,116,58,14,19.0,2187.18,86,65,0.73,1
LA-WB-0582,Railway,West Bengal,Kolkata,676.99,796,750,6,0.88,0.77,0.61,0.61,0.49,0.49,0.25,0.25,0.54,110,10558.38,4099.28,6459.1,12.1,59,84,13,1,-26.5,72.63,82,65,0.63,1
LA-R-0339,Industrial Corridor,Rajasthan,Jaipur,2876.46,2109,1892,18,0.52,0.5,0.43,0.28,0.12,0.12,0.12,0.08,0.27,219,16408.27,1801.47,14606.8,12.7,17,252,32,4,0.0,4511.63,78,65,0.58,1
LA-UP-0162,State Highway,Uttar Pradesh,Bareilly,1224.57,798,930,10,0.67,0.38,0.34,0.25,0.25,0.25,0.07,0.05,0.28,33,16036.54,2930.83,13105.71,12.1,11,201,12,0,-78.6,3022.37,77,65,0.61,1
LA-UP-0134,Power Transmission,Uttar Pradesh,Meerut,629.59,576,478,3,0.41,0.37,0.37,0.16,0.1,0.1,0.02,0.02,0.19,35,8407.46,733.28,7674.18,2.5,34,69,23,5,-67.5,2069.28,76,65,0.69,1
LA-G-0464,Defence,Gujarat,Bhavnagar,2475.6,1981,1824,18,0.66,0.66,0.54,0.49,0.43,0.34,0.34,0.23,0.46,163,27721.66,7365.11,20356.55,22.2,53,287,173,12,-70.0,2389.9,115,64,0.62,1
LA-R-0332,Expressway,Rajasthan,Jaipur,985.71,1243,1416,14,0.61,0.52,0.32,0.3,0.17,0.17,0.14,0.03,0.28,119,13313.92,1865.04,11448.88,9.2,44,151,69,4,-1.7,2553.42,114,64,0.63,1
LA-MP-0514,Industrial Corridor,Madhya Pradesh,Indore,494.98,305,391,4,0.48,0.48,0.44,0.38,0.21,0.16,0.16,0.1,0.3,56,4140.62,502.46,3638.16,12.6,37,176,36,7,-23.1,1085.54,114,64,0.65,1
LA-M-0060,Smart City,Maharashtra,Kolhapur,2217.42,1892,1749,14,0.47,0.47,0.43,0.32,0.25,0.25,0.22,0,0.3,188,36820.59,7023.28,29797.31,12.9,45,262,39,0,-93.8,772.62,112,64,0.61,1
LA-AP-0785,National Highway,Andhra Pradesh,Kurnool,1305.65,1891,1660,15,0.94,0.8,0.6,0.58,0.58,0.41,0.41,0.41,0.59,135,28226.5,10589.28,17637.22,21.8,41,130,56,2,0.0,3171.19,107,64,0.56,1
LA-T-0710,Smart City,Telangana,Mahbubnagar,2002.54,1447,1611,13,0.71,0.56,0.44,0.42,0.39,0.21,0.12,0.12,0.37,53,20335.13,3355.38,16979.75,14.3,53,292,26,1,-5.9,3751.51,106,64,0.64,1
LA-K-0244,Metro Rail,Karnataka,Bengaluru,1133.31,815,848,7,0.75,0.7,0.44,0.44,0.31,0.31,0.31,0.15,0.43,46,15025.88,4328.62,10697.26,10.9,53,202,50,11,-48.8,1734.82,100,64,0.56,1
LA-AP-0745,Expressway,Andhra Pradesh,Visakhapatnam,1204.24,1341,1255,13,0.69,0.51,0.46,0.46,0.28,0.28,0.27,0.26,0.4,25,10369.18,2397.54,7971.64,20.4,31,180,75,14,7.5,1517.07,99,64,0.66,1
LA-TN-0206,Smart City,Tamil Nadu,Salem,1890.46,1461,1718,16,0.51,0.51,0.32,0.32,0.29,0.29,0.26,0.08,0.32,208,21034.38,5174.47,15859.91,7.6,56,153,38,7,-4.8,3570.64,98,64,0.71,1
LA-G-0487,SEZ,Gujarat,Gandhinagar,715.83,464,439,6,0.46,0.46,0.37,0.17,0.13,0.07,0.04,0.01,0.21,9,7162.73,403.08,6759.65,10.9,59,115,18,1,33.3,4474.61,97,64,0.67,1
LA-AP-0791,Defence,Andhra Pradesh,Kurnool,101.41,152,136,3,0.75,0.54,0.51,0.42,0.42,0.23,0.23,0.23,0.42,10,3205.42,545.41,2660.01,5.0,60,292,47,14,-43.4,4601.05,94,64,0.59,1
LA-K-0303,Metro Rail,Karnataka,Davanagere,1600.88,1158,1037,11,0.59,0.48,0.26,0.26,0.26,0.26,0.09,0.09,0.29,66,26259.81,6799.17,19460.64,11.9,41,159,57,11,-11.5,3879.84,92,64,0.62,1
LA-G-0462,Power Transmission,Gujarat,Bhavnagar,2834.7,1430,1513,17,0.68,0.52,0.44,0.32,0.26,0.2,0.2,0.07,0.34,185,24263.55,3408.36,20855.19,5.9,47,119,13,1,-95.5,2655.76,92,64,0.64,1
LA-M-0019,Metro Rail,Maharashtra,Nashik,2088.22,1227,1259,10,0.39,0.29,0.25,0.25,0.1,0.03,0.03,0.03,0.17,86,20712.51,582.34,20130.17,13.1,1,170,57,8,-47.6,1353.32,86,64,0.66,1
LA-UP-0114,National Highway,Uttar Pradesh,Kanpur,1898.72,1637,1487,18,0.36,0.36,0.33,0.28,0.19,0.18,0.09,0.09,0.23,211,9713.66,1458.0,8255.66,6.7,26,99,9,2,19.1,2705.71,83,64,0.59,1
LA-UP-0123,Railway,Uttar Pradesh,Prayagraj,1185.26,1527,1474,15,0.68,0.53,0.4,0.4,0.33,0.33,0.24,0.11,0.38,55,19710.87,5663.71,14047.16,13.6,42,284,67,15,-14.6,2838.59,79,64,0.59,1
LA-G-0450,State Highway,Gujarat,Rajkot,2382.9,1746,1718,16,0.48,0.46,0.28,0.28,0.28,0.25,0.25,0.08,0.29,45,30923.87,6083.11,24840.76,11.4,22,298,106,23,0.0,4191.37,78,64,0.68,1
LA-K-0274,Metro Rail,Karnataka,Mangaluru,814.27,802,724,6,0.7,0.56,0.47,0.39,0.33,0.33,0.33,0.22,0.42,40,5259.97,1688.96,3571.01,17.2,18,98,34,8,-35.7,127.23,70,64,0.64,1
LA-T-0734,Expressway,Telangana,Adilabad,2937.88,1868,1975,16,0.65,0.5,0.28,0.28,0.28,0.24,0.17,0.11,0.31,168,41126.58,8426.31,32700.27,18.3,35,136,79,1,-33.3,557.43,116,63,0.71,1
LA-UP-0169,State Highway,Uttar Pradesh,Bareilly,1037.29,773,683,6,0.42,0.38,0.21,0.21,0.21,0.08,0.08,0.05,0.2,50,8732.13,560.11,8172.02,16.3,21,95,15,2,-35.1,1190.78,113,63,0.68,1
LA-T-0695,Railway,Telangana,Karimnagar,2993.73,1689,1627,14,0.76,0.47,0.47,0.47,0.31,0.21,0.21,0.21,0.39,140,37133.36,6386.11,30747.25,22.2,22,94,56,7,-11.8,2979.74,111,63,0.67,1
LA-TN-0188,Canal/Irrigation,Tamil Nadu,Coimbatore,1935.93,888,986,9,0.72,0.7,0.51,0.51,0.41,0.2,0.2,0.2,0.43,99,6468.76,933.59,5535.17,20.6,38,283,17,1,23.5,1172.84,108,63,0.62,1
LA-AP-0777,Industrial Corridor,Andhra Pradesh,Kurnool,517.69,1257,1123,12,0.56,0.4,0.28,0.28,0.15,0.1,0.03,0.03,0.23,167,16843.54,1570.73,15272.81,20.3,11,117,68,15,7.3,875.56,108,63,0.55,1
LA-G-0460,Canal/Irrigation,Gujarat,Bhavnagar,495.9,779,791,9,0.9,0.78,0.51,0.51,0.51,0.42,0.37,0.37,0.55,107,10982.39,3529.62,7452.77,20.3,35,244,53,8,-96.3,1591.06,107,63,0.65,1
LA-MP-0559,Canal/Irrigation,Madhya Pradesh,Sagar,1392.6,681,697,9,0.68,0.68,0.4,0.4,0.4,0.39,0.19,0.19,0.42,60,14375.6,3912.06,10463.54,19.6,35,140,60,5,0.0,3945.06,106,63,0.65,1
LA-TN-0215,State Highway,Tamil Nadu,Tiruchirappalli,2107.86,1546,1465,11,0.41,0.41,0.27,0.27,0.1,0.09,0.09,0.02,0.21,45,33430.77,2587.17,30843.6,21.8,11,160,37,10,-60.0,1078.65,105,63,0.6,1
LA-M-0026,Power Transmission,Maharashtra,Nashik,2813.16,1849,1833,15,0.35,0.35,0.16,0.16,0.11,0.09,0.09,0.09,0.17,141,43233.76,3295.55,39938.21,15.1,36,184,107,9,-60.9,3776.56,98,63,0.61,1
LA-WB-0627,State Highway,West Bengal,Durgapur,2017.0,1573,1654,16,0.6,0.52,0.52,0.4,0.4,0.4,0.4,0.3,0.44,89,36145.24,12656.52,23488.72,19.6,32,76,13,0,-93.3,2749.72,98,63,0.66,1
LA-M-0002,SEZ,Maharashtra,Pune,1280.76,710,733,8,0.6,0.4,0.4,0.29,0.24,0.05,0.01,0.01,0.25,72,10973.51,582.15,10391.36,6.7,45,225,57,8,-19.6,268.23,96,63,0.57,1
LA-M-0005,Power Transmission,Maharashtra,Pune,2184.29,1900,2029,18,0.6,0.56,0.31,0.24,0.24,0.24,0.16,0.16,0.31,136,40680.88,7705.91,32974.97,8.9,37,250,17,2,9.3,4772.99,94,63,0.69,1
LA-R-0403,Metro Rail,Rajasthan,Bikaner,857.63,460,479,4,0.77,0.76,0.62,0.55,0.47,0.37,0.27,0.27,0.51,22,7710.85,2814.59,4896.26,16.0,46,245,56,8,-46.7,4096.2,94,63,0.69,1
LA-AP-0760,SEZ,Andhra Pradesh,Guntur,1821.96,1351,1544,16,0.65,0.37,0.27,0.27,0.27,0.19,0.16,0.11,0.29,36,20779.07,3547.49,17231.58,16.3,22,268,46,9,-2.1,3211.72,93,63,0.57,1
LA-T-0727,Smart City,Telangana,Nalgonda,1695.29,943,873,8,0.76,0.69,0.51,0.38,0.27,0.25,0.2,0.2,0.41,41,18590.76,4460.94,14129.82,6.6,37,140,80,14,-18.0,182.93,92,63,0.66,1
LA-UP-0106,Canal/Irrigation,Uttar Pradesh,Kanpur,435.55,1041,1061,10,0.79,0.79,0.75,0.51,0.46,0.46,0.46,0.37,0.57,64,7168.18,3002.26,4165.92,15.9,39,265,79,2,21.3,3765.73,91,63,0.61,1
LA-TN-0217,Railway,Tamil Nadu,Tirunelveli,764.01,442,489,3,0.44,0.37,0.22,0.22,0.22,0.09,0.06,0.04,0.21,54,10351.44,823.52,9527.92,3.1,27,57,32,2,-76.0,4305.5,91,63,0.65,1
LA-G-0493,State Highway,Gujarat,Gandhinagar,648.38,1295,1315,16,0.68,0.45,0.41,0.41,0.36,0.21,0.21,0.02,0.34,155,9242.03,1743.53,7498.5,10.3,18,126,26,3,5.2,4977.7,90,63,0.58,1
LA-T-0694,Expressway,Telangana,Karimnagar,2160.61,1851,1917,16,0.84,0.84,0.6,0.56,0.5,0.43,0.43,0.43,0.58,131,22890.72,7587.04,15303.68,24.1,19,224,110,13,-96.0,2501.53,90,63,0.71,1
LA-MP-0525,Smart City,Madhya Pradesh,Jabalpur,968.23,1984,1832,18,0.84,0.73,0.53,0.53,0.53,0.51,0.38,0.27,0.54,56,20149.16,7625.76,12523.4,17.6,51,218,67,3,-45.7,2771.24,87,63,0.65,1
LA-M-0020,Metro Rail,Maharashtra,Nashik,3003.11,1412,1578,14,0.84,0.76,0.65,0.58,0.58,0.58,0.57,0.42,0.62,26,7267.5,4220.1,3047.4,24.2,53,126,18,5,-70.6,3826.45,85,63,0.65,1
LA-MP-0512,Canal/Irrigation,Madhya Pradesh,Indore,497.92,576,573,10,0.99,0.89,0.81,0.65,0.65,0.65,0.64,0.51,0.72,50,12962.61,7823.95,5138.66,23.7,52,249,141,7,-93.8,2926.14,85,63,0.7,1
LA-AP-0784,State Highway,Andhra Pradesh,Kurnool,1440.76,1402,1415,13,0.43,0.43,0.22,0.22,0.22,0.22,0.22,0.16,0.27,105,27698.85,5360.43,22338.42,19.5,9,264,125,11,-27.3,4625.41,83,63,0.55,1
LA-UP-0090,Industrial Corridor,Uttar Pradesh,Varanasi,533.8,1183,1231,11,0.59,0.42,0.38,0.34,0.14,0.12,0.09,0.09,0.27,32,8281.2,859.71,7421.49,9.5,38,246,105,14,11.3,1327.54,79,63,0.56,1
LA-UP-0085,Smart City,Uttar Pradesh,Agra,528.93,776,889,8,0.97,0.97,0.81,0.69,0.69,0.69,0.49,0.49,0.72,68,18666.38,9565.91,9100.47,21.9,51,121,53,5,-47.1,3179.25,72,63,0.68,1
LA-G-0444,Airport,Gujarat,Rajkot,2493.01,1714,1617,14,0.67,0.49,0.3,0.3,0.3,0.17,0.17,0.12,0.32,104,37600.46,6231.39,31369.07,10.7,59,192,13,1,-10.2,4056.32,116,62,0.68,1
LA-T-0666,Canal/Irrigation,Telangana,Hyderabad,2006.91,1391,1560,13,0.51,0.51,0.24,0.24,0.12,0.12,0.12,0.09,0.24,79,33548.58,3080.47,30468.11,19.3,28,225,16,0,-30.9,2847.21,113,62,0.67,1
LA-MP-0515,Canal/Irrigation,Madhya Pradesh,Jabalpur,234.21,499,503,4,0.56,0.56,0.48,0.38,0.26,0.12,0.12,0.02,0.31,34,2708.32,295.62,2412.7,24.9,19,109,60,10,-66.7,468.14,112,62,0.56,1
LA-K-0252,SEZ,Karnataka,Bengaluru,3685.25,1985,2016,18,0.64,0.64,0.49,0.49,0.49,0.44,0.31,0.31,0.48,129,34455.59,14803.51,19652.08,22.0,58,211,105,17,-60.6,4678.14,105,62,0.6,1
LA-UP-0086,Railway,Uttar Pradesh,Agra,811.48,1405,1373,12,0.68,0.68,0.45,0.45,0.45,0.31,0.31,0.26,0.45,93,26764.41,6490.68,20273.73,15.3,57,231,25,5,-12.5,3392.34,103,62,0.69,1
LA-AP-0780,Defence,Andhra Pradesh,Kurnool,627.75,452,360,4,0.61,0.56,0.45,0.31,0.3,0.21,0.21,0.21,0.36,8,9451.28,1770.08,7681.2,24.2,7,77,12,2,-53.1,1889.48,102,62,0.63,1
LA-T-0728,State Highway,Telangana,Nalgonda,1096.36,2091,2037,17,0.38,0.38,0.38,0.27,0.09,0.09,0.09,0.05,0.22,124,42804.11,2958.14,39845.97,19.6,5,224,49,2,20.4,87.77,99,62,0.63,1
LA-TN-0196,Airport,Tamil Nadu,Madurai,1855.12,1352,1380,11,0.63,0.61,0.48,0.46,0.36,0.31,0.2,0.2,0.41,7,12179.07,2922.8,9256.27,11.1,43,105,30,5,-10.4,1898.66,97,62,0.69,1
LA-TN-0178,Railway,Tamil Nadu,Chennai,1352.38,815,843,7,0.79,0.62,0.45,0.45,0.45,0.45,0.45,0.19,0.48,125,4964.05,1873.36,3090.69,16.6,49,77,18,2,-96.2,4765.19,95,62,0.65,1
LA-AP-0811,Canal/Irrigation,Andhra Pradesh,Rajahmundry,454.96,398,340,3,0.71,0.71,0.51,0.45,0.45,0.38,0.38,0.38,0.5,27,3388.28,1264.19,2124.09,11.9,53,158,57,17,-94.7,3919.49,95,62,0.66,1
LA-G-0426,National Highway,Gujarat,Surat,730.76,400,375,4,0.94,0.84,0.84,0.77,0.77,0.6,0.6,0.6,0.74,53,7991.31,3658.44,4332.87,17.3,50,241,132,29,-18.4,562.97,94,62,0.7,1
LA-UP-0116,Smart City,Uttar Pradesh,Kanpur,1230.79,1291,1086,10,0.56,0.56,0.28,0.28,0.28,0.28,0.11,0.02,0.3,85,27971.48,7121.01,20850.47,15.4,46,138,77,11,-3.6,57.21,93,62,0.62,1
LA-UP-0121,SEZ,Uttar Pradesh,Prayagraj,1209.5,1325,1288,10,0.45,0.45,0.33,0.29,0.29,0.05,0.05,0,0.24,74,27684.79,1342.27,26342.52,18.3,24,56,11,1,-15.7,4856.91,93,62,0.66,1
LA-MP-0508,Airport,Madhya Pradesh,Indore,730.64,713,713,8,0.56,0.39,0.39,0.25,0.25,0.22,0.22,0.22,0.31,93,17148.87,3071.3,14077.57,20.5,22,219,67,11,15.2,2437.11,93,62,0.7,1
LA-TN-0187,SEZ,Tamil Nadu,Coimbatore,1596.89,1300,1156,10,0.5,0.5,0.39,0.28,0.28,0.24,0.24,0.24,0.33,158,22299.78,5345.58,16954.2,6.9,46,135,9,0,-93.8,566.58,91,62,0.65,1
LA-R-0382,Airport,Rajasthan,Kota,1047.71,496,602,8,0.46,0.34,0.26,0.26,0.16,0.1,0.04,0.04,0.21,27,7675.23,726.6,6948.63,19.5,17,136,52,10,-53.3,2471.85,90,62,0.69,1
LA-M-0016,Power Transmission,Maharashtra,Nagpur,872.31,519,589,6,0.74,0.69,0.66,0.61,0.37,0.37,0.37,0.37,0.52,8,10854.14,3280.06,7574.08,24.3,52,230,126,13,13.9,4094.69,89,62,0.67,1
LA-T-0687,Industrial Corridor,Telangana,Nizamabad,1585.42,1535,1742,18,0.66,0.51,0.4,0.4,0.4,0.29,0.29,0.14,0.39,40,37375.36,9406.88,27968.48,3.3,46,223,52,11,13.2,4333.42,89,62,0.55,1
LA-K-0290,State Highway,Karnataka,Belagavi,1679.05,948,858,6,0.63,0.58,0.34,0.34,0.33,0.26,0.26,0.1,0.35,55,8308.4,2131.69,6176.71,22.6,5,119,49,5,-15.4,1956.82,86,62,0.66,1
LA-K-0268,Defence,Karnataka,Hubballi,2857.93,1641,1805,16,0.71,0.71,0.69,0.44,0.42,0.42,0.31,0.28,0.5,223,9945.92,3836.94,6108.98,16.5,36,260,37,9,-26.5,4565.64,85,62,0.7,1
LA-T-0705,SEZ,Telangana,Khammam,943.67,739,630,5,1.0,0.84,0.84,0.7,0.7,0.7,0.58,0.58,0.74,13,11869.96,8037.92,3832.04,23.1,52,183,73,10,-5.1,700.92,82,62,0.67,1
LA-UP-0164,Metro Rail,Uttar Pradesh,Bareilly,267.3,513,433,6,0.54,0.54,0.49,0.33,0.33,0.28,0.28,0.24,0.38,37,6481.87,1287.07,5194.8,8.9,51,75,12,2,-3.1,1005.46,79,62,0.58,1
LA-G-0455,Metro Rail,Gujarat,Bhavnagar,2339.49,1500,1389,13,0.8,0.55,0.55,0.45,0.45,0.39,0.39,0.31,0.49,16,11189.4,4122.69,7066.71,15.3,37,241,77,15,21.4,4685.67,79,62,0.68,1
LA-R-0404,Airport,Rajasthan,Bikaner,2144.15,1242,1464,15,0.9,0.75,0.75,0.58,0.58,0.48,0.48,0.33,0.61,42,16483.0,6754.63,9728.37,13.9,49,282,161,0,-59.0,2858.4,78,62,0.64,1
LA-AP-0802,SEZ,Andhra Pradesh,Kakinada,690.9,1463,1450,15,0.78,0.55,0.53,0.53,0.42,0.42,0.3,0.3,0.48,211,33829.83,12375.04,21454.79,19.8,24,241,63,3,-38.8,1153.46,78,62,0.62,1
LA-TN-0208,Airport,Tamil Nadu,Salem,158.68,180,248,3,0.51,0.51,0.4,0.36,0.36,0.23,0.23,0.13,0.34,24,3575.67,597.58,2978.09,10.9,53,111,45,4,-81.8,3927.75,115,61,0.59,1
LA-M-0072,Airport,Maharashtra,Amravati,2341.48,1812,1654,15,0.39,0.38,0.3,0.3,0.22,0.17,0.15,0,0.24,134,33192.62,4890.82,28301.8,2.2,56,99,23,2,-37.8,3962.81,106,61,0.57,1
LA-R-0343,Metro Rail,Rajasthan,Jaipur,2460.07,1567,1727,15,0.53,0.53,0.41,0.41,0.31,0.31,0.15,0.15,0.35,231,11227.75,2734.46,8493.29,12.0,46,61,34,1,7.4,660.3,106,61,0.62,1
LA-MP-0536,National Highway,Madhya Pradesh,Gwalior,884.93,1017,1036,9,0.64,0.55,0.52,0.34,0.34,0.34,0.27,0.27,0.41,137,18247.44,5630.77,12616.67,15.3,53,180,17,1,-75.0,4117.05,103,61,0.61,1
LA-MP-0564,Metro Rail,Madhya Pradesh,Rewa,1209.62,1455,1569,14,0.88,0.59,0.59,0.59,0.51,0.51,0.34,0.34,0.54,139,25931.37,10028.92,15902.45,24.0,39,127,34,1,-44.4,655.15,103,61,0.55,1
LA-UP-0132,Defence,Uttar Pradesh,Meerut,494.68,969,1105,12,0.67,0.67,0.61,0.39,0.39,0.39,0.24,0.24,0.45,131,9836.1,2786.61,7049.49,24.4,41,138,19,0,-16.7,1863.03,102,61,0.62,1
LA-UP-0133,Airport,Uttar Pradesh,Meerut,1353.65,1622,1475,17,0.51,0.43,0.43,0.34,0.26,0.22,0.1,0.1,0.3,175,34414.98,6762.35,27652.63,17.5,32,293,67,2,-15.4,968.57,100,61,0.6,1
LA-AP-0774,Expressway,Andhra Pradesh,Nellore,1393.25,1100,1300,13,0.79,0.79,0.71,0.65,0.53,0.53,0.44,0.32,0.59,138,26692.85,13987.94,12704.91,20.2,48,155,43,8,-37.9,714.3,99,61,0.58,1
LA-T-0673,Power Transmission,Telangana,Hyderabad,1528.24,1668,1676,18,0.98,0.74,0.74,0.56,0.47,0.46,0.46,0.46,0.61,246,26126.34,9765.79,16360.55,23.7,53,51,15,4,-76.5,3973.72,98,61,0.6,1
LA-WB-0584,National Highway,West Bengal,Kolkata,1043.88,802,614,7,0.62,0.49,0.28,0.2,0.15,0.15,0.15,0.15,0.27,2,15244.22,2092.36,13151.86,14.2,31,296,98,18,-37.3,4091.42,92,61,0.59,1
LA-WB-0599,Railway,West Bengal,Howrah,304.51,436,410,4,0.51,0.51,0.37,0.37,0.24,0.24,0.24,0.07,0.32,37,6770.54,1466.25,5304.29,17.0,28,161,22,2,-5.9,3959.08,87,61,0.63,1
LA-M-0045,National Highway,Maharashtra,Thane,485.7,337,417,6,0.77,0.77,0.68,0.59,0.46,0.46,0.46,0.4,0.57,45,4549.36,1812.66,2736.7,9.9,47,64,26,7,16.7,551.62,85,61,0.69,1
LA-AP-0792,Expressway,Andhra Pradesh,Tirupati,823.96,1020,1018,12,0.85,0.63,0.59,0.52,0.52,0.52,0.35,0.27,0.53,14,20364.68,10342.4,10022.28,17.4,40,257,94,3,20.4,336.07,84,61,0.58,1
LA-MP-0502,Expressway,Madhya Pradesh,Bhopal,2165.4,1944,1812,18,0.77,0.59,0.57,0.57,0.54,0.37,0.24,0.23,0.48,205,35369.18,12777.16,22592.02,9.0,31,131,71,12,31.0,2049.87,81,61,0.57,1
LA-K-0271,Airport,Karnataka,Hubballi,992.32,871,799,5,0.78,0.78,0.78,0.56,0.56,0.56,0.51,0.51,0.63,6,4795.68,2364.24,2431.44,19.7,39,139,27,6,16.2,604.27,80,61,0.59,1
LA-AP-0778,Power Transmission,Andhra Pradesh,Kurnool,2305.75,1230,1272,12,1.0,0.75,0.61,0.61,0.56,0.56,0.56,0.37,0.63,103,27159.89,14739.83,12420.06,13.3,51,164,24,4,-71.4,3566.14,75,61,0.56,1
LA-K-0289,Defence,Karnataka,Belagavi,616.55,2021,1833,14,0.68,0.58,0.49,0.36,0.36,0.36,0.36,0.34,0.44,226,31971.36,10233.52,21737.84,16.5,4,132,41,11,23.1,3262.85,73,61,0.69,1
LA-AP-0814,Metro Rail,Andhra Pradesh,Rajahmundry,2594.48,1222,1474,16,0.58,0.47,0.45,0.25,0.25,0.22,0.22,0.22,0.33,7,19338.11,3726.5,15611.61,14.6,3,65,13,2,-76.9,4347.36,68,61,0.55,1
LA-WB-0658,Power Transmission,West Bengal,Malda,1732.97,952,1043,13,0.63,0.63,0.63,0.63,0.47,0.47,0.47,0.34,0.53,30,9762.66,3855.46,5907.2,9.7,47,175,100,25,-53.2,381.3,66,61,0.67,1
LA-M-0066,Industrial Corridor,Maharashtra,Kolhapur,1161.33,682,746,10,0.42,0.33,0.33,0.14,0.14,0.14,0.14,0.06,0.21,22,10349.29,1345.81,9003.48,3.0,13,265,28,7,-16.7,3463.02,60,61,0.67,1
LA-MP-0505,Airport,Madhya Pradesh,Indore,1053.93,610,745,6,0.52,0.52,0.37,0.28,0.28,0.28,0.28,0.15,0.34,89,13288.3,2916.74,10371.56,22.3,2,196,28,8,-57.1,1733.64,101,60,0.56,0
LA-K-0326,State Highway,Karnataka,Tumakuru,1088.34,561,557,6,0.53,0.53,0.3,0.3,0.22,0.22,0.2,0.08,0.3,16,2909.95,577.53,2332.42,14.7,38,100,11,2,31.0,3527.09,98,60,0.59,0
LA-UP-0118,Power Transmission,Uttar Pradesh,Prayagraj,2666.85,1742,1960,18,0.47,0.47,0.25,0.25,0.25,0.25,0.07,0.07,0.26,9,32240.85,7659.5,24581.35,12.9,48,239,62,10,-30.4,2113.88,96,60,0.59,0
LA-T-0689,Metro Rail,Telangana,Karimnagar,200.01,570,483,4,0.68,0.68,0.58,0.45,0.45,0.44,0.37,0.24,0.49,67,7908.71,3169.09,4739.62,18.0,47,295,136,30,-95.8,678.84,96,60,0.68,0
LA-UP-0108,Defence,Uttar Pradesh,Kanpur,2998.41,1543,1562,17,0.5,0.5,0.5,0.5,0.33,0.32,0.26,0.26,0.4,202,26957.61,7169.97,19787.64,21.1,42,246,131,39,-93.3,3360.02,95,60,0.55,0
LA-G-0438,State Highway,Gujarat,Vadodara,283.79,906,906,6,0.65,0.54,0.54,0.34,0.31,0.19,0.19,0.16,0.36,64,10689.07,1613.5,9075.57,9.7,53,117,62,9,13.6,1118.93,94,60,0.65,0
LA-R-0362,Metro Rail,Rajasthan,Udaipur,1421.03,1709,1672,18,0.45,0.42,0.29,0.18,0.18,0.09,0.04,0,0.21,61,21925.75,1641.04,20284.71,8.4,33,169,100,10,-50.9,907.81,93,60,0.54,0
LA-WB-0602,Power Transmission,West Bengal,Darjeeling,726.59,766,752,8,0.59,0.59,0.52,0.5,0.25,0.25,0.2,0.2,0.39,57,18228.41,3801.92,14426.49,17.3,54,129,65,15,9.5,2911.96,92,60,0.58,0
LA-MP-0547,Canal/Irrigation,Madhya Pradesh,Ujjain,3161.82,1605,1825,17,0.78,0.65,0.54,0.54,0.39,0.39,0.28,0.26,0.48,125,17605.98,5635.82,11970.16,24.1,19,276,97,5,-17.0,1641.61,90,60,0.54,0
LA-MP-0510,Smart City,Madhya Pradesh,Indore,554.79,833,821,8,0.66,0.65,0.47,0.39,0.38,0.38,0.38,0.22,0.44,85,20184.68,6420.35,13764.33,10.4,34,262,95,2,12.1,1570.65,88,60,0.65,0
LA-UP-0152,Canal/Irrigation,Uttar Pradesh,Ghaziabad,1013.76,650,631,6,0.65,0.39,0.25,0.24,0.14,0.14,0.07,0.06,0.24,19,12945.69,1516.45,11429.24,2.1,57,149,82,12,-23.6,2783.98,87,60,0.54,0
LA-T-0715,Power Transmission,Telangana,Mahbubnagar,1266.73,1427,1492,18,0.37,0.37,0.2,0.2,0.18,0.18,0,0,0.19,59,22837.4,3064.41,19772.99,12.7,20,53,24,2,-73.1,1168.39,85,60,0.53,0
LA-UP-0097,Industrial Corridor,Uttar Pradesh,Varanasi,465.57,426,551,7,0.52,0.44,0.44,0.18,0.18,0.18,0.16,0.14,0.28,12,8433.99,1451.2,6982.79,5.4,15,134,22,3,14.0,3196.85,78,60,0.63,0
LA-T-0697,Canal/Irrigation,Telangana,Karimnagar,650.08,1314,1322,13,0.52,0.35,0.35,0.29,0.18,0.18,0.05,0.05,0.25,55,28005.7,4982.21,23023.49,9.6,27,108,49,10,-14.8,3928.38,77,60,0.68,0
LA-WB-0596,State Highway,West Bengal,Howrah,299.55,152,158,3,0.87,0.63,0.56,0.49,0.47,0.35,0.35,0.35,0.51,8,2589.69,799.85,1789.84,18.2,19,218,59,16,-60.9,4417.44,74,60,0.59,0
LA-MP-0544,Canal/Irrigation,Madhya Pradesh,Ujjain,478.25,374,356,3,0.6,0.45,0.34,0.34,0.33,0.21,0.21,0.15,0.33,0,8853.54,1625.64,7227.9,12.9,21,210,125,22,-96.2,4731.4,72,60,0.66,0
LA-M-0056,Industrial Corridor,Maharashtra,Solapur,2102.41,1313,1297,16,0.78,0.56,0.56,0.5,0.33,0.33,0.32,0.32,0.46,9,31490.53,9342.02,22148.51,7.7,37,203,82,15,0.0,2263.51,70,60,0.63,0
LA-AP-0800,Power Transmission,Andhra Pradesh,Kakinada,1613.95,1536,1913,18,0.47,0.47,0.47,0.44,0.28,0.28,0.16,0.09,0.33,53,20387.07,4710.42,15676.65,13.7,5,276,135,24,-4.2,1947.72,62,60,0.68,0
LA-WB-0637,Defence,West Bengal,Asansol,832.72,1931,1782,14,0.55,0.43,0.36,0.36,0.36,0.25,0.17,0.13,0.33,267,38652.95,7265.12,31387.83,9.1,43,256,101,18,-47.8,4545.91,110,59,0.66,0
LA-UP-0168,Canal/Irrigation,Uttar Pradesh,Bareilly,3104.56,1669,1752,17,0.42,0.33,0.28,0.28,0.18,0.09,0.05,0.05,0.21,255,28989.68,2543.56,26446.12,8.0,37,180,29,7,-10.4,3776.96,107,59,0.65,0
LA-TN-0228,Railway,Tamil Nadu,Erode,2560.61,1288,1342,15,0.82,0.75,0.75,0.71,0.58,0.58,0.47,0.47,0.64,2,10102.63,4123.3,5979.33,21.4,60,158,16,2,-20.7,4771.98,89,59,0.65,0
LA-G-0443,State Highway,Gujarat,Rajkot,1356.99,1021,1120,10,0.91,0.91,0.77,0.68,0.68,0.63,0.63,0.52,0.72,83,19837.84,11734.49,8103.35,13.8,56,171,23,3,12.1,4590.7,88,59,0.64,0
LA-WB-0609,Metro Rail,West Bengal,Darjeeling,438.93,1291,1426,13,0.37,0.37,0.22,0.2,0.2,0.2,0.09,0,0.21,146,27935.44,4742.01,23193.43,4.2,32,222,12,3,-53.1,1845.02,88,59,0.52,0
LA-G-0429,Railway,Gujarat,Surat,1417.89,1580,1615,14,0.66,0.52,0.4,0.37,0.36,0.31,0.21,0.21,0.38,160,12057.79,3052.47,9005.32,12.9,7,92,41,0,-22.2,4142.73,83,59,0.54,0
LA-MP-0509,Smart City,Madhya Pradesh,Indore,730.03,362,400,5,0.6,0.5,0.39,0.23,0.23,0.19,0.09,0.09,0.29,28,5067.79,902.99,4164.8,2.6,55,138,11,3,23.1,1648.73,83,59,0.53,0
LA-UP-0102,Defence,Uttar Pradesh,Varanasi,1396.74,838,1044,8,0.88,0.82,0.68,0.68,0.59,0.57,0.54,0.48,0.66,28,8906.34,4266.11,4640.23,13.8,56,50,22,0,0.0,4679.82,81,59,0.65,0
LA-UP-0146,Metro Rail,Uttar Pradesh,Ghaziabad,2701.37,1233,1397,13,1.0,1.0,0.81,0.81,0.81,0.71,0.71,0.56,0.8,100,16824.1,9209.78,7614.32,24.1,40,225,109,27,-18.8,4586.48,81,59,0.58,0
LA-T-0670,Airport,Telangana,Hyderabad,2395.16,1718,1378,12,0.81,0.73,0.63,0.63,0.46,0.46,0.46,0.33,0.56,43,9229.61,3236.16,5993.45,10.8,44,184,41,9,17.4,3393.29,80,59,0.59,0
LA-G-0436,Airport,Gujarat,Vadodara,2307.21,2245,1925,18,0.52,0.51,0.35,0.35,0.17,0.17,0.17,0.17,0.3,37,46400.75,6373.95,40026.8,5.1,41,173,100,3,-27.8,2049.13,79,59,0.53,0
LA-UP-0150,SEZ,Uttar Pradesh,Ghaziabad,1057.17,1554,1527,15,0.5,0.5,0.5,0.44,0.44,0.26,0.26,0.26,0.4,92,17782.55,4109.65,13672.9,21.6,3,222,20,0,-94.4,4746.0,77,59,0.54,0
LA-K-0243,Expressway,Karnataka,Bengaluru,1801.21,1484,1676,14,0.56,0.56,0.56,0.44,0.33,0.28,0.28,0.24,0.41,18,17277.66,3423.98,13853.68,10.1,17,177,19,1,-36.2,4077.74,76,59,0.59,0
LA-AP-0798,Smart City,Andhra Pradesh,Tirupati,2658.13,2071,1998,18,0.7,0.7,0.56,0.51,0.51,0.49,0.49,0.24,0.53,168,12255.87,4538.87,7717.0,13.1,35,102,58,4,-93.3,2246.26,76,59,0.66,0
LA-MP-0542,Industrial Corridor,Madhya Pradesh,Ujjain,747.05,1654,1456,12,0.77,0.72,0.72,0.67,0.51,0.42,0.42,0.42,0.58,162,31344.89,9545.5,21799.39,17.8,21,86,29,1,9.8,798.86,64,59,0.6,0
LA-TN-0198,Railway,Tamil Nadu,Madurai,2067.75,1579,1475,14,0.63,0.6,0.57,0.47,0.46,0.4,0.27,0.27,0.46,51,22883.56,7808.47,15075.09,15.5,13,185,41,2,-48.1,3025.4,59,59,0.58,0
LA-TN-0225,Power Transmission,Tamil Nadu,Erode,738.53,672,725,5,0.64,0.37,0.37,0.25,0.25,0.25,0.09,0,0.28,97,9631.05,1827.08,7803.97,16.0,10,117,29,1,27.8,1846.34,105,58,0.64,0
LA-M-0024,Power Transmission,Maharashtra,Nashik,4276.26,2088,2207,18,0.75,0.75,0.69,0.56,0.55,0.42,0.36,0.36,0.56,59,43970.87,18260.58,25710.29,22.2,52,177,35,3,15.4,822.18,103,58,0.57,0
LA-UP-0075,Smart City,Uttar Pradesh,Lucknow,2119.24,1123,1142,17,0.64,0.64,0.64,0.57,0.57,0.53,0.51,0.29,0.55,142,17921.4,9276.51,8644.89,19.1,40,91,24,1,11.7,4892.88,93,58,0.61,0
LA-T-0731,Canal/Irrigation,Telangana,Nalgonda,706.36,1423,1412,17,0.42,0.42,0.42,0.25,0.25,0.24,0.24,0.12,0.29,39,14698.47,2673.41,12025.06,4.9,48,85,10,2,-89.7,563.85,90,58,0.63,0
LA-UP-0101,Railway,Uttar Pradesh,Varanasi,2221.72,1356,1413,10,0.72,0.62,0.62,0.5,0.44,0.41,0.41,0.41,0.52,66,22810.7,8286.89,14523.81,21.5,12,156,74,5,-36.7,136.81,89,58,0.5,0
LA-T-0696,Metro Rail,Telangana,Karimnagar,210.81,179,224,3,0.54,0.46,0.44,0.29,0.21,0.21,0.04,0.04,0.28,17,3550.92,663.53,2887.39,3.0,41,124,53,12,-4.3,1785.12,88,58,0.64,0
LA-MP-0573,Railway,Madhya Pradesh,Satna,390.26,646,540,7,0.6,0.41,0.31,0.31,0.2,0.2,0.18,0.11,0.29,44,9240.27,1590.37,7649.9,10.6,17,198,56,10,-45.3,4299.39,87,58,0.52,0
LA-WB-0600,Smart City,West Bengal,Howrah,920.53,1245,1107,9,0.51,0.51,0.46,0.43,0.43,0.36,0.25,0.25,0.4,148,17406.52,6113.54,11292.98,7.1,46,221,112,21,6.8,3390.85,87,58,0.66,0
LA-R-0398,Industrial Corridor,Rajasthan,Bikaner,2088.29,2242,2238,18,0.83,0.83,0.72,0.7,0.52,0.48,0.48,0.45,0.63,63,26157.02,9886.12,16270.9,20.8,33,211,115,10,-93.8,3912.53,86,58,0.63,0
LA-AP-0776,Smart City,Andhra Pradesh,Nellore,248.72,633,612,7,0.73,0.73,0.62,0.5,0.46,0.46,0.42,0.42,0.54,15,7851.37,3420.41,4430.96,20.2,45,140,9,0,12.5,2880.93,83,58,0.52,0
LA-M-0057,Expressway,Maharashtra,Solapur,887.09,679,593,7,0.54,0.4,0.39,0.14,0.14,0.11,0.11,0.11,0.24,41,9168.57,938.39,8230.18,8.9,29,86,33,7,-13.3,3715.53,81,58,0.6,0
LA-UP-0122,Expressway,Uttar Pradesh,Prayagraj,2625.97,1427,1485,15,0.8,0.8,0.59,0.59,0.52,0.52,0.38,0.34,0.57,47,12707.08,5007.08,7700.0,13.6,55,220,111,23,-49.2,423.85,80,58,0.65,0
LA-WB-0641,Metro Rail,West Bengal,Asansol,3383.34,1528,1705,18,0.71,0.71,0.52,0.51,0.45,0.31,0.31,0.31,0.48,48,8845.52,2416.12,6429.4,23.0,33,96,27,0,-28.1,3087.38,79,58,0.53,0
LA-M-0050,Expressway,Maharashtra,Solapur,549.62,381,409,5,0.63,0.58,0.3,0.21,0.16,0.16,0.09,0.09,0.28,7,8752.12,984.64,7767.48,5.2,5,277,162,32,-40.0,2021.62,78,58,0.54,0
LA-TN-0210,Railway,Tamil Nadu,Salem,985.89,556,499,5,1.0,0.91,0.86,0.67,0.67,0.67,0.6,0.6,0.75,46,12083.92,5812.69,6271.23,20.6,44,159,14,0,40.0,3199.47,78,58,0.51,0
LA-TN-0222,Power Transmission,Tamil Nadu,Tirunelveli,672.45,687,787,7,0.91,0.74,0.49,0.49,0.38,0.33,0.28,0.28,0.49,81,5526.07,1821.33,3704.74,13.7,20,181,47,12,14.9,857.26,76,58,0.66,0
LA-UP-0167,Metro Rail,Uttar Pradesh,Bareilly,809.54,1159,1112,12,0.82,0.74,0.63,0.46,0.46,0.46,0.42,0.42,0.55,11,18133.18,7179.91,10953.27,24.3,19,231,80,8,-95.0,3433.45,73,58,0.58,0
LA-MP-0563,Airport,Madhya Pradesh,Rewa,1713.07,1603,1560,15,0.9,0.84,0.75,0.75,0.75,0.7,0.57,0.57,0.73,147,11327.95,6397.09,4930.86,13.6,60,133,80,3,-66.7,3799.53,72,58,0.53,0
LA-R-0397,Railway,Rajasthan,Bikaner,2115.86,2011,1914,17,0.76,0.53,0.33,0.33,0.33,0.33,0.33,0.08,0.38,16,36090.85,10326.39,25764.46,22.3,2,92,53,7,-33.3,4761.31,67,58,0.57,0
LA-G-0445,Power Transmission,Gujarat,Rajkot,658.1,599,629,4,0.52,0.52,0.29,0.29,0.29,0.18,0.16,0.11,0.29,54,11200.56,1915.16,9285.4,6.6,7,72,38,1,-32.1,3530.27,66,58,0.63,0
LA-MP-0569,National Highway,Madhya Pradesh,Satna,312.5,940,870,9,0.67,0.63,0.63,0.48,0.48,0.44,0.44,0.27,0.51,82,22226.56,9065.12,13161.44,13.7,20,161,39,7,5.9,3016.47,64,58,0.6,0
LA-UP-0148,Smart City,Uttar Pradesh,Ghaziabad,840.28,643,507,4,0.65,0.55,0.47,0.32,0.3,0.23,0.23,0.23,0.37,4,8002.52,1686.23,6316.29,12.4,54,206,88,17,-12.3,4886.55,109,57,0.55,0
LA-UP-0158,Industrial Corridor,Uttar Pradesh,Bareilly,960.97,1601,1665,14,0.68,0.68,0.47,0.32,0.32,0.32,0.22,0.22,0.4,240,18020.4,5444.51,12575.89,17.6,17,264,42,5,-70.7,400.84,105,57,0.5,0
LA-TN-0242,State Highway,Tamil Nadu,Vellore,792.01,1170,1287,11,0.94,0.94,0.81,0.81,0.72,0.67,0.53,0.53,0.74,164,14003.79,7365.08,6638.71,22.9,44,51,18,4,-29.5,1999.39,100,57,0.52,0
LA-UP-0139,Expressway,Uttar Pradesh,Meerut,3389.36,1885,1729,15,0.46,0.46,0.3,0.18,0.18,0.18,0.0,0,0.22,50,39561.04,6844.57,32716.47,14.8,0,105,27,5,-3.5,2577.14,94,57,0.58,0
LA-AP-0783,Expressway,Andhra Pradesh,Kurnool,2275.27,1249,1316,12,0.85,0.85,0.79,0.65,0.65,0.58,0.58,0.46,0.68,187,21760.84,12306.81,9454.03,24.5,47,178,27,2,-8.9,279.51,91,57,0.5,0
LA-UP-0166,State Highway,Uttar Pradesh,Bareilly,348.99,357,284,3,0.68,0.68,0.67,0.54,0.5,0.5,0.49,0.34,0.55,22,5028.71,2397.39,2631.32,17.0,58,246,122,33,7.3,3391.86,89,57,0.52,0
LA-K-0261,Railway,Karnataka,Mysuru,755.04,697,703,6,0.86,0.69,0.53,0.53,0.35,0.35,0.35,0.25,0.49,30,11789.9,4047.97,7741.93,14.8,40,249,62,13,-24.1,980.97,88,57,0.56,0
LA-K-0263,SEZ,Karnataka,Mysuru,498.21,1125,1086,11,0.85,0.85,0.78,0.78,0.71,0.59,0.57,0.51,0.7,131,11046.63,5553.8,5492.83,19.2,57,109,62,16,-10.3,4627.73,86,57,0.64,0
LA-UP-0129,Power Transmission,Uttar Pradesh,Meerut,612.17,878,776,8,0.53,0.3,0.3,0.3,0.3,0.26,0.06,0.06,0.26,25,18092.62,4140.85,13951.77,24.0,11,106,46,8,-48.4,2044.45,84,57,0.5,0
LA-AP-0779,Railway,Andhra Pradesh,Kurnool,725.44,1099,1168,13,0.82,0.77,0.71,0.47,0.47,0.41,0.34,0.34,0.54,172,20730.14,6397.43,14332.71,23.9,6,78,15,4,0.0,532.74,84,57,0.62,0
LA-R-0408,National Highway,Rajasthan,Alwar,895.66,1964,2170,18,0.77,0.61,0.54,0.33,0.23,0.23,0.23,0.11,0.38,177,24937.9,4290.62,20647.28,12.5,5,98,36,9,-6.2,2912.05,78,57,0.59,0
LA-MP-0574,Metro Rail,Madhya Pradesh,Satna,1818.8,1393,1257,13,0.78,0.67,0.67,0.67,0.56,0.55,0.49,0.49,0.61,67,13033.26,5516.73,7516.53,21.9,35,63,22,3,-38.3,1756.42,72,57,0.5,0
LA-WB-0618,Railway,West Bengal,Durgapur,2751.32,1914,2047,17,0.75,0.75,0.64,0.51,0.51,0.47,0.47,0.35,0.56,251,11094.61,4981.04,6113.57,13.1,44,87,34,7,-49.1,3966.97,72,57,0.5,0
LA-TN-0216,Industrial Corridor,Tamil Nadu,Tirunelveli,3040.37,1640,1764,18,0.76,0.64,0.45,0.45,0.42,0.37,0.26,0.13,0.43,251,19270.31,5607.15,13663.16,4.4,33,66,28,1,-50.0,1297.73,71,57,0.51,0
LA-R-0340,National Highway,Rajasthan,Jaipur,1991.8,1577,1603,14,0.7,0.7,0.7,0.56,0.44,0.44,0.31,0.31,0.52,146,27753.12,11002.05,16751.07,4.6,58,241,110,33,-22.6,1844.57,66,57,0.61,0
LA-G-0441,Power Transmission,Gujarat,Vadodara,2015.06,1571,1675,18,0.52,0.52,0.42,0.34,0.34,0.33,0.22,0.12,0.35,1,34094.3,8373.94,25720.36,18.6,11,131,62,8,-95.0,1310.78,64,57,0.5,0
LA-R-0402,Metro Rail,Rajasthan,Bikaner,200.25,451,529,4,0.64,0.55,0.3,0.3,0.3,0.14,0.06,0.02,0.29,73,8322.94,1111.12,7211.82,8.4,32,179,68,4,-34.0,3152.72,113,56,0.5,0
LA-MP-0499,National Highway,Madhya Pradesh,Bhopal,433.64,1048,996,11,0.52,0.42,0.42,0.39,0.36,0.15,0.12,0.08,0.31,123,8775.45,1264.65,7510.8,12.3,22,264,141,31,-5.0,4404.29,99,56,0.54,0
LA-UP-0093,Smart City,Uttar Pradesh,Varanasi,723.52,666,632,5,0.95,0.64,0.64,0.53,0.53,0.46,0.39,0.29,0.55,21,6144.14,2089.11,4055.03,21.5,30,97,36,0,-18.5,1038.07,97,56,0.63,0
LA-R-0363,SEZ,Rajasthan,Udaipur,2366.42,1199,1227,12,0.45,0.37,0.24,0.12,0.12,0.12,0,0,0.18,1,6606.7,674.51,5932.19,11.3,22,128,62,0,-95.7,1740.64,95,56,0.49,0
LA-WB-0604,Canal/Irrigation,West Bengal,Darjeeling,1464.9,1854,1943,17,0.93,0.58,0.58,0.51,0.38,0.38,0.38,0.37,0.51,148,27095.02,8973.84,18121.18,23.4,10,107,12,1,-19.6,3703.41,95,56,0.63,0
LA-TN-0226,Railway,Tamil Nadu,Erode,731.88,437,600,7,0.64,0.5,0.46,0.37,0.37,0.31,0.08,0.08,0.35,20,7691.52,1920.95,5770.57,13.7,29,72,34,7,-21.1,4253.68,93,56,0.56,0
LA-R-0405,SEZ,Rajasthan,Alwar,2724.52,1609,1736,18,0.56,0.31,0.28,0.17,0.17,0.17,0.16,0.16,0.25,38,22527.94,2911.64,19616.3,20.6,4,290,26,1,-53.7,1837.91,92,56,0.63,0
LA-K-0251,Industrial Corridor,Karnataka,Bengaluru,342.66,442,439,6,0.96,0.84,0.61,0.55,0.51,0.51,0.51,0.51,0.62,1,8682.84,3313.53,5369.31,24.0,23,132,33,8,-36.7,1546.57,90,56,0.52,0
LA-K-0280,National Highway,Karnataka,Mangaluru,854.02,1520,1548,15,0.67,0.67,0.67,0.47,0.47,0.37,0.37,0.37,0.51,154,24734.29,7159.56,17574.73,6.4,38,236,131,16,13.6,225.46,87,56,0.6,0
LA-R-0368,Metro Rail,Rajasthan,Udaipur,557.17,1367,1414,18,0.93,0.93,0.71,0.71,0.59,0.59,0.59,0.59,0.7,27,17700.11,10201.41,7498.7,13.6,56,50,5,0,13.7,2373.25,87,56,0.6,0
LA-UP-0103,Power Transmission,Uttar Pradesh,Kanpur,2727.28,1559,1585,15,0.85,0.52,0.51,0.5,0.5,0.26,0.26,0.23,0.45,213,15673.02,3535.6,12137.42,19.7,0,74,22,6,-49.1,2271.69,86,56,0.57,0
LA-G-0466,Metro Rail,Gujarat,Bhavnagar,273.21,354,431,4,0.55,0.43,0.42,0.37,0.32,0.16,0.16,0.08,0.31,45,7364.16,1117.47,6246.69,5.7,53,224,41,1,-32.7,3489.55,86,56,0.62,0
LA-MP-0506,Defence,Madhya Pradesh,Indore,978.69,881,752,8,0.52,0.38,0.19,0.15,0.14,0.05,0.05,0,0.18,72,18625.9,831.86,17794.04,2.7,13,151,66,7,-31.4,2334.31,84,56,0.48,0
LA-WB-0583,Canal/Irrigation,West Bengal,Kolkata,1894.76,1242,1399,15,0.99,0.78,0.78,0.62,0.62,0.55,0.55,0.55,0.68,5,14498.0,6652.57,7845.43,20.6,30,261,115,18,-28.6,2055.13,83,56,0.58,0
LA-M-0073,Canal/Irrigation,Maharashtra,Amravati,200.33,286,265,3,0.75,0.75,0.62,0.55,0.48,0.48,0.38,0.37,0.55,26,3023.15,1287.17,1735.98,17.4,12,166,15,4,-20.3,4909.4,82,56,0.5,0
LA-K-0318,State Highway,Karnataka,Tumakuru,1991.96,1379,1345,13,1.0,0.81,0.81,0.72,0.72,0.72,0.72,0.49,0.75,81,11346.73,7828.02,3518.71,21.4,59,182,30,7,-20.0,4985.87,81,56,0.49,0
LA-AP-0788,Metro Rail,Andhra Pradesh,Kurnool,588.21,1471,1577,16,0.37,0.37,0.23,0.23,0.23,0.11,0.11,0,0.21,64,11890.2,1325.92,10564.28,3.3,12,104,37,1,-38.9,587.9,80,56,0.49,0
LA-K-0272,Industrial Corridor,Karnataka,Mangaluru,246.14,200,273,3,0.65,0.65,0.44,0.44,0.39,0.28,0.28,0.28,0.43,27,2412.84,530.6,1882.24,3.6,49,208,123,32,-38.9,1103.16,78,56,0.62,0
LA-G-0495,Expressway,Gujarat,Gandhinagar,1519.26,1018,956,9,0.74,0.43,0.42,0.42,0.42,0.2,0.19,0.13,0.37,98,15182.52,2599.08,12583.44,4.6,14,291,74,12,-93.8,2074.26,72,56,0.57,0
LA-G-0435,SEZ,Gujarat,Surat,2921.09,1671,1956,14,0.67,0.65,0.61,0.48,0.44,0.44,0.44,0.39,0.52,240,37201.99,11797.48,25404.51,23.5,7,212,21,0,-81.0,1089.57,70,56,0.57,0
LA-WB-0607,Railway,West Bengal,Darjeeling,860.65,759,841,8,0.56,0.31,0.26,0.23,0.17,0.13,0.07,0.07,0.23,80,4596.35,463.0,4133.35,5.3,41,208,112,17,28.1,2736.46,111,55,0.48,0
LA-AP-0767,Canal/Irrigation,Andhra Pradesh,Nellore,454.45,451,508,6,0.6,0.47,0.47,0.38,0.19,0.19,0.14,0.14,0.32,32,11134.64,2133.91,9000.73,22.3,10,281,105,8,-42.4,4048.74,106,55,0.51,0
LA-AP-0786,SEZ,Andhra Pradesh,Kurnool,661.64,421,377,4,0.72,0.68,0.44,0.43,0.42,0.38,0.29,0.29,0.46,34,4400.42,1609.15,2791.27,24.7,12,68,35,1,-60.7,3514.14,95,55,0.6,0
LA-T-0719,Expressway,Telangana,Nalgonda,636.56,916,793,9,1.0,1.0,0.95,0.95,0.84,0.67,0.67,0.67,0.84,90,6390.46,3018.07,3372.39,23.2,47,244,99,29,-68.6,716.85,94,55,0.51,0
LA-WB-0651,Power Transmission,West Bengal,Bardhaman,906.79,810,768,7,0.92,0.69,0.52,0.52,0.5,0.5,0.42,0.37,0.56,53,4177.79,1747.09,2430.7,22.2,14,227,36,9,-35.1,4698.35,92,55,0.56,0
LA-MP-0527,SEZ,Madhya Pradesh,Gwalior,1687.75,1491,1308,11,0.67,0.52,0.39,0.34,0.33,0.18,0.18,0.18,0.35,46,26544.09,3416.64,23127.45,5.9,49,212,111,6,-27.9,4585.46,91,55,0.6,0
LA-UP-0088,National Highway,Uttar Pradesh,Agra,1171.86,1195,1312,13,0.87,0.87,0.74,0.66,0.54,0.54,0.47,0.47,0.65,51,20481.41,8273.43,12207.98,20.6,60,50,22,5,-7.5,4048.77,89,55,0.54,0
LA-G-0461,SEZ,Gujarat,Bhavnagar,503.55,1442,1493,14,0.78,0.6,0.5,0.5,0.33,0.33,0.28,0.28,0.45,159,23821.12,7804.28,16016.84,5.4,22,232,75,11,7.3,4886.74,88,55,0.54,0
LA-MP-0562,Metro Rail,Madhya Pradesh,Rewa,3225.97,1515,1705,18,1.0,0.96,0.69,0.69,0.69,0.57,0.55,0.55,0.71,150,21502.99,12164.68,9338.31,22.0,47,118,20,0,-48.3,2548.67,88,55,0.58,0
LA-UP-0141,Canal/Irrigation,Uttar Pradesh,Meerut,608.69,1766,1829,17,0.71,0.71,0.71,0.61,0.46,0.46,0.46,0.46,0.57,17,26097.28,9940.72,16156.56,15.7,60,242,120,0,-35.0,1583.29,87,55,0.49,0
LA-AP-0740,Canal/Irrigation,Andhra Pradesh,Visakhapatnam,1890.05,1473,1537,14,0.94,0.85,0.58,0.55,0.55,0.38,0.38,0.38,0.58,209,15049.82,5184.59,9865.23,15.3,47,275,159,15,-85.7,4830.06,85,55,0.63,0
LA-AP-0775,Airport,Andhra Pradesh,Nellore,784.13,452,428,3,0.81,0.52,0.37,0.32,0.27,0.27,0.24,0.13,0.37,20,9703.94,2415.64,7288.3,12.0,35,72,34,7,-56.0,319.45,82,55,0.47,0
LA-K-0254,Defence,Karnataka,Bengaluru,1111.21,1922,1718,14,0.56,0.46,0.31,0.22,0.22,0.07,0.07,0.02,0.24,242,13497.11,738.42,12758.69,6.8,20,286,87,18,-44.4,4649.78,81,55,0.57,0
LA-R-0365,SEZ,Rajasthan,Udaipur,1415.53,1278,1304,12,1.0,0.81,0.81,0.72,0.71,0.62,0.62,0.59,0.73,133,17518.7,8761.95,8756.75,15.8,59,191,74,15,2.0,1582.49,80,55,0.62,0
LA-R-0378,Smart City,Rajasthan,Kota,311.84,140,195,3,0.86,0.66,0.66,0.55,0.55,0.55,0.35,0.35,0.57,0,1582.28,769.98,812.3,19.0,49,210,11,0,-96.8,3821.07,79,55,0.53,0
LA-T-0671,Power Transmission,Telangana,Hyderabad,1155.11,1732,1816,17,0.81,0.74,0.59,0.59,0.45,0.45,0.42,0.38,0.55,28,42093.17,16721.19,25371.98,13.2,56,289,111,4,-34.6,3909.24,78,55,0.61,0
LA-WB-0644,Smart City,West Bengal,Bardhaman,1678.42,1270,1277,14,0.96,0.89,0.89,0.7,0.7,0.69,0.59,0.5,0.74,100,17089.04,10808.27,6280.77,17.8,57,126,25,2,23.8,2487.65,77,55,0.53,0
LA-AP-0746,Railway,Andhra Pradesh,Vijayawada,317.38,345,291,3,0.62,0.43,0.43,0.42,0.28,0.27,0.18,0.18,0.35,17,7457.67,1459.35,5998.32,10.2,44,62,19,3,-85.2,751.21,77,55,0.61,0
LA-AP-0781,SEZ,Andhra Pradesh,Kurnool,1896.55,1058,1123,8,0.75,0.75,0.71,0.7,0.66,0.58,0.52,0.39,0.63,107,7018.53,3463.42,3555.11,12.4,42,82,20,5,-57.9,717.48,74,55,0.63,0
LA-MP-0550,Expressway,Madhya Pradesh,Ujjain,494.16,285,361,4,0.63,0.58,0.49,0.44,0.38,0.14,0.14,0.14,0.37,13,5982.48,762.0,5220.48,10.5,19,120,26,3,-30.0,1566.26,72,55,0.53,0
LA-UP-0124,Smart City,Uttar Pradesh,Prayagraj,863.14,519,482,5,0.57,0.55,0.42,0.41,0.19,0.18,0.18,0.0,0.31,66,8362.6,1346.02,7016.58,8.7,7,231,109,21,-29.4,2062.27,70,55,0.61,0
LA-T-0730,Airport,Telangana,Nalgonda,834.62,1433,1410,13,1.0,0.94,0.7,0.7,0.63,0.63,0.63,0.63,0.73,70,11972.84,6494.58,5478.26,14.0,55,112,35,3,-36.6,1419.41,69,55,0.49,0
LA-K-0283,Airport,Karnataka,Mangaluru,1725.43,1250,1286,13,0.45,0.45,0.41,0.41,0.18,0.18,0.13,0.12,0.29,157,19242.47,3142.72,16099.75,5.9,13,276,131,17,-39.1,2884.07,66,55,0.51,0
LA-UP-0091,National Highway,Uttar Pradesh,Varanasi,437.5,666,635,6,0.65,0.65,0.55,0.54,0.41,0.34,0.26,0.26,0.46,21,8238.36,2168.41,6069.95,13.8,19,57,29,8,6.9,2737.36,64,55,0.58,0
LA-AP-0772,Smart City,Andhra Pradesh,Nellore,715.8,1367,1323,12,0.72,0.55,0.52,0.41,0.32,0.32,0.26,0.15,0.41,122,19009.01,5921.96,13087.05,6.8,9,295,148,42,-15.4,4811.38,55,55,0.49,0
LA-AP-0816,National Highway,Andhra Pradesh,Rajahmundry,420.02,399,333,4,0.74,0.48,0.39,0.39,0.39,0.25,0.25,0.25,0.39,41,8989.79,2108.12,6881.67,6.9,41,199,64,0,-62.2,392.39,97,54,0.49,0
LA-UP-0138,Railway,Uttar Pradesh,Meerut,452.36,286,232,3,0.67,0.65,0.65,0.58,0.53,0.51,0.47,0.37,0.55,20,3396.12,1526.46,1869.66,16.3,51,76,17,2,-94.7,4622.52,90,54,0.6,0
LA-R-0367,Airport,Rajasthan,Udaipur,1912.38,1016,1087,10,0.66,0.66,0.63,0.55,0.44,0.43,0.25,0.25,0.48,82,20094.92,7518.85,12576.07,24.8,27,146,19,5,35.7,4141.47,87,54,0.52,0
LA-G-0425,Airport,Gujarat,Ahmedabad,124.28,268,308,3,1.0,0.86,0.86,0.64,0.59,0.59,0.59,0.59,0.71,28,2582.98,1382.06,1200.92,23.5,58,256,133,34,4.8,3327.92,86,54,0.51,0
LA-M-0069,Expressway,Maharashtra,Amravati,3195.05,1734,1927,18,0.94,0.94,0.67,0.67,0.6,0.52,0.52,0.52,0.67,40,21454.15,10411.43,11042.72,24.8,28,287,162,9,-68.6,451.74,84,54,0.56,0
LA-AP-0794,National Highway,Andhra Pradesh,Tirupati,514.04,1627,1524,13,0.55,0.52,0.29,0.29,0.22,0.22,0.16,0.02,0.28,27,8374.89,1610.4,6764.49,7.3,39,171,11,2,-19.6,2335.18,84,54,0.61,0
LA-WB-0659,Power Transmission,West Bengal,Malda,608.49,1177,1301,15,0.72,0.64,0.64,0.54,0.5,0.44,0.42,0.25,0.52,53,7502.31,2548.05,4954.26,22.6,6,229,81,21,8.3,4045.31,83,54,0.6,0
LA-MP-0555,Canal/Irrigation,Madhya Pradesh,Sagar,729.15,1861,1954,16,0.81,0.76,0.76,0.64,0.64,0.53,0.47,0.42,0.63,141,26209.37,12476.13,13733.24,16.2,25,253,74,9,-63.2,3221.37,81,54,0.52,0
LA-MP-0557,Canal/Irrigation,Madhya Pradesh,Sagar,815.47,1328,1222,16,0.69,0.69,0.53,0.53,0.47,0.39,0.28,0.28,0.48,67,25099.62,6965.08,18134.54,10.6,40,185,47,12,2.3,2371.94,79,54,0.47,0
LA-G-0459,State Highway,Gujarat,Bhavnagar,1343.39,2093,2025,18,0.63,0.52,0.38,0.38,0.38,0.38,0.37,0.32,0.42,209,26397.83,9541.31,16856.52,3.7,23,179,17,3,7.3,1410.56,78,54,0.58,0
LA-UP-0100,Defence,Uttar Pradesh,Varanasi,1422.69,1671,1707,17,0.75,0.75,0.75,0.51,0.51,0.39,0.39,0.39,0.56,146,10507.63,3211.52,7296.11,24.9,19,221,24,7,-14.3,1769.5,75,54,0.48,0
LA-K-0321,Power Transmission,Karnataka,Tumakuru,2628.13,1598,1647,16,0.92,0.68,0.68,0.52,0.52,0.52,0.46,0.38,0.59,26,14474.59,6023.41,8451.18,15.5,16,165,58,0,-32.5,2380.75,73,54,0.55,0
LA-G-0492,Industrial Corridor,Gujarat,Gandhinagar,734.42,474,391,3,1.0,0.99,0.73,0.73,0.68,0.68,0.61,0.61,0.75,40,8531.03,5620.16,2910.87,22.9,32,264,78,16,-34.0,1411.78,67,54,0.51,0
LA-M-0022,Power Transmission,Maharashtra,Nashik,600.48,1634,1481,13,0.59,0.47,0.4,0.39,0.35,0.27,0.14,0.14,0.34,99,15934.62,4069.73,11864.89,20.4,18,169,36,2,-24.4,1540.72,99,53,0.51,0
LA-TN-0192,Canal/Irrigation,Tamil Nadu,Coimbatore,2388.3,1164,1244,10,0.62,0.62,0.46,0.46,0.46,0.36,0.34,0.32,0.46,142,7253.76,2419.0,4834.76,4.9,54,77,11,2,-22.2,2835.48,98,53,0.5,0
LA-AP-0803,Railway,Andhra Pradesh,Kakinada,986.19,1972,1824,18,0.53,0.49,0.17,0.16,0.16,0.02,0.02,0,0.19,226,24256.22,411.51,23844.71,3.7,23,226,23,2,-94.4,327.08,88,53,0.5,0
LA-TN-0204,Power Transmission,Tamil Nadu,Salem,744.77,787,709,6,0.7,0.47,0.31,0.31,0.25,0.21,0.07,0.07,0.3,85,5169.16,893.94,4275.22,13.5,4,164,83,24,-46.5,4659.61,86,53,0.54,0
LA-MP-0566,Metro Rail,Madhya Pradesh,Satna,4228.55,2540,2220,16,0.82,0.78,0.66,0.66,0.66,0.54,0.54,0.54,0.65,194,19797.38,7688.37,12109.01,11.4,56,274,100,19,3.6,2955.96,83,53,0.47,0
LA-M-0043,Railway,Maharashtra,Thane,1014.16,748,713,6,1.0,0.88,0.86,0.73,0.73,0.7,0.68,0.67,0.78,51,14798.5,9771.22,5027.28,10.0,60,220,75,21,-40.7,4366.11,82,53,0.61,0
LA-WB-0636,Industrial Corridor,West Bengal,Asansol,2783.35,1552,1675,16,0.9,0.78,0.73,0.73,0.58,0.58,0.54,0.54,0.67,219,29274.14,15413.85,13860.29,23.7,35,138,59,14,-57.1,631.29,82,53,0.6,0
LA-R-0414,Industrial Corridor,Rajasthan,Bhilwara,1040.6,1396,1387,13,0.79,0.62,0.38,0.38,0.31,0.31,0.22,0.22,0.4,127,24717.49,6687.45,18030.04,6.3,12,162,64,1,-37.0,2449.32,81,53,0.59,0
LA-M-0070,Railway,Maharashtra,Amravati,502.94,525,471,5,1.0,1.0,0.83,0.76,0.76,0.66,0.66,0.58,0.78,38,11370.76,6727.19,4643.57,22.4,52,144,70,6,20.7,223.21,78,53,0.55,0
LA-R-0387,Expressway,Rajasthan,Ajmer,965.32,887,735,5,1.0,0.88,0.71,0.7,0.54,0.49,0.49,0.42,0.65,7,9798.28,4772.01,5026.27,4.2,53,264,153,17,-75.0,597.24,76,53,0.53,0
LA-AP-0743,Power Transmission,Andhra Pradesh,Visakhapatnam,995.42,1397,1253,11,0.65,0.65,0.47,0.47,0.47,0.42,0.34,0.26,0.47,94,25807.33,10183.19,15624.14,6.8,49,76,38,6,-57.7,1681.28,75,53,0.55,0
LA-T-0707,Canal/Irrigation,Telangana,Khammam,1743.69,1536,1639,17,0.52,0.37,0.37,0.22,0.22,0.13,0.09,0.09,0.25,69,36560.02,4191.9,32368.12,3.0,12,106,14,4,5.3,4374.64,69,53,0.58,0
LA-T-0703,State Highway,Telangana,Khammam,579.55,1090,1120,11,0.71,0.71,0.48,0.48,0.47,0.47,0.36,0.27,0.49,0,6583.3,3053.75,3529.55,7.1,52,164,43,1,-16.7,392.12,64,53,0.51,0
LA-M-0040,Industrial Corridor,Maharashtra,Thane,651.55,602,546,9,1.0,1.0,0.93,0.92,0.83,0.67,0.67,0.63,0.83,30,7776.64,4144.26,3632.38,22.4,36,114,50,8,-95.0,1342.62,60,53,0.49,0
LA-UP-0125,State Highway,Uttar Pradesh,Prayagraj,405.76,345,293,3,0.52,0.52,0.34,0.29,0.22,0.22,0.17,0.17,0.31,5,3754.02,811.32,2942.7,23.2,7,192,99,0,-8.5,2997.7,100,52,0.57,0
LA-T-0692,Smart City,Telangana,Karimnagar,1443.07,990,980,9,0.53,0.53,0.49,0.32,0.32,0.32,0.18,0.18,0.36,131,9870.84,2242.17,7628.67,22.4,1,231,92,15,-72.7,4472.33,98,52,0.58,0
LA-MP-0504,Expressway,Madhya Pradesh,Indore,214.47,222,177,3,0.62,0.41,0.33,0.25,0.25,0.25,0.22,0.19,0.32,12,2833.05,570.04,2263.01,12.9,21,223,126,23,-25.0,3777.27,97,52,0.5,0
LA-WB-0589,Industrial Corridor,West Bengal,Howrah,2651.38,1244,1483,15,1.0,0.92,0.65,0.65,0.61,0.51,0.51,0.51,0.67,191,27673.08,11745.75,15927.33,8.9,58,264,131,14,-95.8,3754.76,96,52,0.48,0
LA-M-0049,State Highway,Maharashtra,Solapur,1676.21,1235,1168,11,0.67,0.53,0.32,0.32,0.32,0.23,0.23,0.15,0.35,165,23559.72,4897.33,18662.39,2.2,23,231,37,8,-24.6,837.31,90,52,0.48,0
LA-MP-0507,State Highway,Madhya Pradesh,Indore,978.66,1909,1745,17,0.69,0.69,0.66,0.66,0.42,0.42,0.42,0.24,0.53,199,30217.48,9206.07,21011.41,10.1,60,228,25,6,-7.1,3296.12,88,52,0.44,0
LA-T-0729,Smart City,Telangana,Nalgonda,1099.35,1169,1146,13,0.86,0.86,0.86,0.69,0.69,0.69,0.69,0.47,0.73,154,21783.69,14035.66,7748.03,15.4,50,191,26,7,-34.8,4550.3,88,52,0.5,0
LA-UP-0156,Smart City,Uttar Pradesh,Bareilly,2167.67,1966,1895,18,0.69,0.65,0.48,0.45,0.34,0.32,0.21,0.21,0.42,17,30099.78,7423.43,22676.35,20.8,21,178,42,0,-13.8,91.15,86,52,0.56,0
LA-MP-0575,National Highway,Madhya Pradesh,Satna,389.96,607,597,4,0.63,0.41,0.35,0.35,0.3,0.23,0.14,0.14,0.32,27,6640.12,1064.52,5575.6,24.6,1,104,61,4,4.3,1666.07,81,52,0.54,0
LA-K-0320,National Highway,Karnataka,Tumakuru,627.27,502,574,4,0.89,0.67,0.67,0.65,0.47,0.47,0.36,0.31,0.56,31,10629.1,4024.17,6604.93,18.9,36,50,7,0,-45.5,3318.61,78,52,0.46,0
LA-WB-0612,Industrial Corridor,West Bengal,Siliguri,2064.19,1805,1583,15,0.97,0.73,0.7,0.61,0.52,0.51,0.43,0.35,0.6,92,29827.87,15277.95,14549.92,14.6,24,134,17,1,-5.9,3416.96,75,52,0.55,0
LA-G-0439,Airport,Gujarat,Vadodara,2366.22,1322,1374,14,1.0,0.93,0.82,0.82,0.79,0.79,0.69,0.6,0.8,20,9581.71,6714.43,2867.28,19.8,44,248,41,9,16.9,3925.01,70,52,0.53,0
LA-R-0411,State Highway,Rajasthan,Bhilwara,986.02,591,680,7,0.98,0.98,0.98,0.8,0.79,0.74,0.59,0.59,0.81,4,14737.15,10803.99,3933.16,18.7,47,231,67,6,-52.9,3899.56,69,52,0.52,0
LA-UP-0165,Power Transmission,Uttar Pradesh,Bareilly,729.37,550,745,6,1.0,0.89,0.85,0.85,0.68,0.6,0.6,0.51,0.75,49,9261.0,5317.41,3943.59,23.7,27,230,90,3,22.7,490.82,68,52,0.47,0
LA-K-0311,SEZ,Karnataka,Ballari,1082.37,1503,1484,18,0.79,0.69,0.56,0.56,0.44,0.44,0.4,0.4,0.54,143,14136.98,4968.69,9168.29,15.8,20,82,40,7,-51.2,2139.96,64,52,0.58,0
LA-R-0366,National Highway,Rajasthan,Udaipur,400.69,856,828,8,0.67,0.41,0.41,0.4,0.33,0.33,0.12,0.12,0.35,22,4550.56,1454.89,3095.67,3.7,37,149,28,6,9.8,2222.87,63,52,0.52,0
LA-G-0465,State Highway,Gujarat,Bhavnagar,1283.52,1263,1434,16,0.86,0.66,0.65,0.46,0.34,0.34,0.34,0.34,0.5,43,8151.98,2530.73,5621.25,2.8,30,260,88,9,-24.0,4902.64,63,52,0.45,0
LA-R-0392,Railway,Rajasthan,Ajmer,847.89,1405,1439,14,0.82,0.82,0.67,0.6,0.58,0.53,0.46,0.41,0.61,77,27460.17,13445.6,14014.57,17.4,6,148,88,4,17.6,650.7,61,52,0.52,0
LA-M-0038,Railway,Maharashtra,Thane,3733.37,2273,1937,15,0.94,0.74,0.74,0.72,0.72,0.56,0.49,0.49,0.68,227,15213.1,7282.73,7930.37,9.4,37,242,79,3,-45.2,4572.99,57,52,0.44,0
LA-R-0354,State Highway,Rajasthan,Jodhpur,188.48,555,505,4,0.72,0.55,0.55,0.33,0.33,0.32,0.23,0.13,0.4,2,9802.42,2683.0,7119.42,8.3,6,159,36,5,-12.5,1185.31,55,52,0.6,0
LA-AP-0795,National Highway,Andhra Pradesh,Tirupati,725.51,878,837,7,0.91,0.81,0.65,0.65,0.55,0.45,0.38,0.38,0.6,74,7466.03,3185.07,4280.96,18.5,55,67,29,5,-93.8,663.69,100,51,0.48,0
LA-TN-0194,Airport,Tamil Nadu,Coimbatore,604.31,871,845,8,0.62,0.45,0.32,0.27,0.27,0.17,0.16,0.12,0.3,121,15468.4,2212.49,13255.91,14.3,0,288,21,1,-65.6,1775.16,97,51,0.46,0
LA-K-0249,Defence,Karnataka,Bengaluru,813.48,379,488,4,0.59,0.59,0.59,0.52,0.51,0.4,0.4,0.27,0.48,71,6798.22,2480.63,4317.59,24.3,1,68,5,1,-82.4,986.22,94,51,0.53,0
LA-K-0258,Railway,Karnataka,Mysuru,2796.53,2342,2270,16,0.67,0.51,0.36,0.32,0.32,0.3,0.2,0.2,0.36,289,37134.01,10268.12,26865.89,23.4,3,94,40,0,22.9,2317.14,88,51,0.54,0
LA-T-0721,Metro Rail,Telangana,Nalgonda,3070.52,1721,1814,16,0.72,0.71,0.65,0.47,0.47,0.44,0.31,0.31,0.51,272,39387.05,14910.33,24476.72,14.6,32,174,95,17,-93.8,4921.66,88,51,0.51,0
LA-WB-0603,SEZ,West Bengal,Darjeeling,827.84,427,438,6,0.98,0.98,0.82,0.82,0.7,0.67,0.66,0.66,0.79,23,8152.42,4291.17,3861.25,14.2,59,258,93,13,-71.0,2056.0,87,51,0.49,0
LA-T-0669,Smart City,Telangana,Hyderabad,1859.5,1088,968,10,0.8,0.57,0.57,0.4,0.4,0.4,0.29,0.2,0.45,14,16499.52,5661.84,10837.68,2.9,49,189,42,3,2.6,4997.97,86,51,0.59,0
LA-T-0690,National Highway,Telangana,Karimnagar,258.22,373,374,3,0.69,0.54,0.53,0.32,0.32,0.32,0.32,0.23,0.41,6,3156.59,732.63,2423.96,15.7,13,228,37,8,-55.1,3465.12,85,51,0.5,0
LA-TN-0234,Smart City,Tamil Nadu,Erode,244.36,285,329,4,0.83,0.75,0.75,0.56,0.5,0.5,0.5,0.5,0.61,6,1970.55,972.3,998.25,18.6,49,275,107,1,-41.7,4963.83,84,51,0.5,0
LA-MP-0533,Metro Rail,Madhya Pradesh,Gwalior,2497.24,1525,1633,14,0.62,0.62,0.47,0.47,0.47,0.4,0.26,0.26,0.45,139,11171.77,4479.74,6692.03,14.0,44,148,74,0,28.6,3517.59,83,51,0.54,0
LA-G-0488,Industrial Corridor,Gujarat,Gandhinagar,932.72,748,635,5,0.57,0.44,0.29,0.29,0.1,0.1,0,0,0.22,28,16286.06,1437.79,14848.27,6.3,0,168,56,2,-25.0,4738.7,80,51,0.51,0
LA-M-0048,Power Transmission,Maharashtra,Solapur,3615.78,2026,2256,18,1.0,1.0,0.84,0.78,0.66,0.64,0.53,0.53,0.75,180,13745.57,6608.11,7137.46,19.8,16,169,58,17,-51.2,3852.67,79,51,0.55,0
LA-G-0467,Smart City,Gujarat,Bhavnagar,619.03,618,623,7,0.76,0.59,0.43,0.43,0.43,0.37,0.32,0.32,0.46,17,7126.08,1861.73,5264.35,10.4,24,264,111,32,18.4,2374.23,79,51,0.58,0
LA-MP-0568,Power Transmission,Madhya Pradesh,Satna,348.64,656,735,8,0.87,0.69,0.68,0.53,0.53,0.53,0.42,0.37,0.58,96,10485.17,4587.44,5897.73,4.2,37,143,62,4,-17.1,332.19,77,51,0.56,0
LA-AP-0764,Railway,Andhra Pradesh,Nellore,1580.62,2151,1902,18,0.79,0.79,0.78,0.62,0.45,0.39,0.39,0.33,0.57,253,20090.37,7244.76,12845.61,23.9,14,76,26,7,-30.3,4650.73,77,51,0.44,0
LA-T-0725,Power Transmission,Telangana,Nalgonda,1974.47,1359,1294,11,0.82,0.82,0.72,0.56,0.56,0.52,0.42,0.42,0.6,106,28969.74,14812.27,14157.47,20.8,8,182,68,1,-2.0,2140.1,76,51,0.48,0
LA-WB-0614,Metro Rail,West Bengal,Siliguri,602.51,975,1056,11,1.0,1.0,0.91,0.79,0.72,0.69,0.69,0.69,0.81,2,12770.95,7371.72,5399.23,24.2,36,293,56,7,-7.5,964.5,73,51,0.48,0
LA-R-0335,Railway,Rajasthan,Jaipur,500.71,675,701,7,0.54,0.54,0.45,0.45,0.44,0.39,0.39,0.3,0.44,89,10979.51,4145.56,6833.95,5.2,43,216,50,9,25.0,116.31,69,51,0.48,0
LA-G-0430,State Highway,Gujarat,Surat,260.88,705,586,6,0.83,0.57,0.45,0.42,0.42,0.42,0.37,0.22,0.46,75,17525.66,7166.91,10358.75,2.3,14,244,56,12,9.4,4860.0,66,51,0.54,0
LA-M-0046,Smart City,Maharashtra,Solapur,652.95,731,752,10,0.94,0.88,0.62,0.62,0.62,0.62,0.53,0.49,0.67,30,13161.63,6200.14,6961.49,10.8,56,294,85,25,41.2,421.18,65,51,0.53,0
LA-AP-0806,Airport,Andhra Pradesh,Kakinada,1009.18,541,669,5,0.88,0.82,0.75,0.55,0.51,0.43,0.43,0.43,0.6,60,8829.7,3728.9,5100.8,17.6,2,277,151,31,-66.7,4095.05,65,51,0.56,0
LA-M-0009,State Highway,Maharashtra,Nagpur,395.15,505,506,6,0.7,0.67,0.53,0.34,0.29,0.29,0.24,0.24,0.41,19,5891.96,1513.16,4378.8,5.3,22,202,80,5,34.8,1853.28,63,51,0.54,0
LA-MP-0538,Metro Rail,Madhya Pradesh,Ujjain,602.62,437,420,4,1.0,0.8,0.77,0.69,0.62,0.62,0.58,0.48,0.69,29,2807.59,1470.29,1337.3,14.5,31,234,91,5,-94.4,4707.28,63,51,0.55,0
LA-WB-0623,State Highway,West Bengal,Durgapur,871.73,1678,1622,17,0.56,0.56,0.47,0.35,0.35,0.35,0.35,0.35,0.42,28,40307.39,12805.35,27502.04,4.6,19,178,59,13,-47.1,1283.93,62,51,0.48,0
LA-MP-0500,Expressway,Madhya Pradesh,Bhopal,398.17,269,296,4,0.86,0.84,0.56,0.56,0.47,0.45,0.43,0.43,0.57,2,3898.63,1634.06,2264.57,5.5,28,230,123,1,-4.2,2158.13,61,51,0.51,0
LA-WB-0643,SEZ,West Bengal,Asansol,1967.26,1868,1947,18,0.79,0.71,0.71,0.64,0.64,0.58,0.58,0.46,0.64,63,15777.78,6766.4,9011.38,15.0,33,122,49,6,-47.6,328.11,60,51,0.59,0
LA-UP-0147,SEZ,Uttar Pradesh,Ghaziabad,1479.95,778,815,6,0.78,0.78,0.56,0.54,0.47,0.41,0.41,0.3,0.53,62,17788.43,5233.18,12555.25,9.0,27,250,128,26,-42.5,3340.69,59,51,0.56,0
LA-UP-0083,National Highway,Uttar Pradesh,Lucknow,280.63,543,534,5,0.81,0.53,0.53,0.43,0.4,0.4,0.3,0.18,0.45,21,10078.44,2912.78,7165.66,5.8,24,170,53,4,-21.3,4178.09,55,51,0.47,0
LA-G-0420,Defence,Gujarat,Ahmedabad,1781.61,1234,1118,10,0.78,0.71,0.5,0.47,0.47,0.32,0.32,0.16,0.47,138,21690.94,5278.47,16412.47,24.4,3,149,62,13,-51.2,3587.1,98,50,0.55,0
LA-M-0062,Defence,Maharashtra,Kolhapur,540.53,614,754,7,0.87,0.87,0.72,0.6,0.6,0.51,0.51,0.51,0.65,40,14824.42,6145.34,8679.08,19.8,47,254,81,2,-15.9,4097.89,96,50,0.49,0
LA-K-0281,Smart City,Karnataka,Mangaluru,2065.43,1265,1107,12,0.85,0.82,0.63,0.61,0.61,0.55,0.55,0.55,0.65,116,10998.84,5487.88,5510.96,7.0,57,248,54,5,-66.7,3103.77,86,50,0.52,0
LA-R-0401,Industrial Corridor,Rajasthan,Bikaner,176.92,248,271,4,0.81,0.75,0.75,0.53,0.44,0.43,0.43,0.38,0.57,16,1644.35,611.8,1032.55,11.3,37,298,169,0,16.7,364.66,86,50,0.47,0
LA-K-0282,State Highway,Karnataka,Mangaluru,241.74,709,542,5,1.0,0.89,0.86,0.84,0.76,0.76,0.69,0.61,0.8,55,12917.01,8080.38,4836.63,20.1,58,290,44,2,-94.4,758.47,85,50,0.49,0
LA-G-0419,Railway,Gujarat,Ahmedabad,2728.06,1251,1375,17,0.81,0.81,0.81,0.76,0.57,0.55,0.41,0.41,0.64,197,26649.16,11818.43,14830.73,5.8,44,152,51,6,-47.8,3085.94,85,50,0.55,0
LA-T-0664,Airport,Telangana,Hyderabad,1552.46,1370,1406,12,0.73,0.73,0.73,0.55,0.55,0.55,0.5,0.5,0.6,75,28988.01,12131.45,16856.56,25.0,28,145,18,0,-12.3,3730.51,85,50,0.57,0
LA-T-0665,National Highway,Telangana,Hyderabad,929.22,992,936,9,0.86,0.74,0.58,0.54,0.54,0.49,0.44,0.37,0.57,111,14817.51,5973.33,8844.18,24.4,8,264,23,1,-46.5,3746.72,85,50,0.47,0
LA-K-0316,National Highway,Karnataka,Ballari,928.96,1823,1634,14,1.0,1.0,0.95,0.93,0.81,0.81,0.61,0.61,0.84,242,28913.83,23124.25,5789.58,19.7,47,84,21,0,-33.3,4997.88,84,50,0.47,0
LA-MP-0565,Smart City,Madhya Pradesh,Rewa,419.98,1444,1318,15,0.74,0.74,0.63,0.63,0.61,0.43,0.42,0.42,0.58,165,35431.57,15300.41,20131.16,19.8,16,50,11,1,-33.3,3212.86,82,50,0.56,0
LA-AP-0815,Smart City,Andhra Pradesh,Rajahmundry,1019.4,1965,1901,15,0.88,0.79,0.65,0.59,0.41,0.41,0.35,0.32,0.55,259,15380.1,4934.0,10446.1,11.5,51,246,106,5,-22.7,1798.63,79,50,0.58,0
LA-K-0301,Industrial Corridor,Karnataka,Davanagere,906.04,1438,1265,12,0.73,0.71,0.51,0.5,0.5,0.5,0.44,0.39,0.54,32,34351.63,14686.17,19665.46,18.3,26,244,92,20,-22.7,527.79,78,50,0.52,0
LA-UP-0145,SEZ,Uttar Pradesh,Ghaziabad,813.63,798,640,7,0.64,0.43,0.4,0.35,0.35,0.28,0.14,0.08,0.33,6,13049.28,2571.06,10478.22,3.5,44,298,50,0,-60.6,3073.56,77,50,0.49,0
LA-R-0347,SEZ,Rajasthan,Jodhpur,820.68,928,840,7,0.92,0.78,0.66,0.49,0.39,0.39,0.39,0.27,0.54,113,16844.89,5558.6,11286.29,14.5,33,278,166,24,-94.1,584.75,77,50,0.44,0
LA-AP-0752,Industrial Corridor,Andhra Pradesh,Vijayawada,578.54,610,463,4,0.79,0.79,0.71,0.6,0.56,0.56,0.56,0.56,0.64,53,10138.58,5483.06,4655.52,23.0,18,193,77,3,-95.8,2572.98,76,50,0.51,0
LA-T-0691,Smart City,Telangana,Karimnagar,841.69,1094,966,11,0.73,0.62,0.62,0.44,0.44,0.44,0.44,0.44,0.52,46,6289.58,2066.82,4222.76,7.0,47,110,59,0,8.8,3134.39,75,50,0.48,0
LA-M-0061,Railway,Maharashtra,Kolhapur,694.45,980,1011,10,0.82,0.76,0.72,0.56,0.56,0.43,0.36,0.3,0.56,50,6857.57,2567.06,4290.51,15.8,19,222,97,29,-9.1,1197.42,73,50,0.56,0
LA-WB-0617,State Highway,West Bengal,Durgapur,432.35,778,654,6,0.65,0.51,0.47,0.38,0.38,0.38,0.38,0.27,0.43,56,12913.58,3878.6,9034.98,7.7,0,292,115,24,-95.5,1194.23,73,50,0.52,0
LA-TN-0170,Smart City,Tamil Nadu,Chennai,2468.62,1332,1334,15,0.87,0.8,0.64,0.55,0.55,0.55,0.39,0.36,0.59,102,16053.91,8736.86,7317.05,24.5,1,185,82,14,-35.1,2955.22,70,50,0.44,0
LA-R-0357,Airport,Rajasthan,Udaipur,765.55,334,410,4,1.0,0.84,0.78,0.71,0.65,0.65,0.59,0.48,0.71,14,2295.98,1406.68,889.3,16.5,36,129,54,8,-42.9,818.34,68,50,0.5,0
LA-G-0432,Smart City,Gujarat,Surat,2977.3,2051,1809,16,0.69,0.65,0.5,0.5,0.34,0.34,0.34,0.24,0.45,218,39507.73,9761.46,29746.27,5.1,13,230,116,29,-17.6,2383.25,60,50,0.43,0
LA-WB-0587,Railway,West Bengal,Kolkata,915.45,1130,1324,11,1.0,1.0,0.99,0.79,0.79,0.71,0.71,0.63,0.83,125,26670.7,18367.81,8302.89,16.0,41,246,90,14,-65.2,1892.82,53,50,0.52,0
LA-M-0031,National Highway,Maharashtra,Aurangabad,1040.18,1641,1661,15,0.96,0.9,0.68,0.62,0.61,0.45,0.37,0.33,0.61,38,30694.7,13813.92,16880.78,12.9,11,174,100,13,-31.6,3178.5,51,50,0.43,0
LA-R-0369,National Highway,Rajasthan,Udaipur,685.63,1455,1409,14,0.92,0.92,0.9,0.72,0.6,0.6,0.6,0.46,0.71,15,20845.83,10222.76,10623.07,17.7,22,126,28,5,-16.7,3870.88,45,50,0.47,0
LA-M-0018,Canal/Irrigation,Maharashtra,Nagpur,738.89,304,375,5,0.95,0.94,0.85,0.78,0.65,0.65,0.49,0.45,0.72,41,4216.06,2024.48,2191.58,22.8,53,250,84,18,-94.4,3903.76,98,49,0.56,0
LA-M-0036,Canal/Irrigation,Maharashtra,Thane,462.21,729,767,11,0.89,0.89,0.75,0.75,0.68,0.68,0.68,0.49,0.73,62,15325.04,9649.23,5675.81,23.2,57,159,70,1,5.3,3615.53,93,49,0.52,0
LA-T-0677,Railway,Telangana,Warangal,1021.95,1580,1430,13,0.74,0.74,0.74,0.64,0.53,0.53,0.39,0.38,0.59,137,35493.06,17263.99,18229.07,17.1,40,258,137,34,-10.8,4046.95,90,49,0.43,0
LA-R-0344,Power Transmission,Rajasthan,Jaipur,557.5,637,707,6,0.84,0.69,0.66,0.56,0.56,0.44,0.42,0.41,0.57,73,14751.11,6330.63,8420.48,10.4,36,62,36,3,-4.0,1386.31,85,49,0.45,0
LA-G-0456,Expressway,Gujarat,Bhavnagar,1792.65,1186,1118,10,0.81,0.75,0.65,0.45,0.45,0.45,0.36,0.22,0.52,136,28997.76,10947.25,18050.51,4.6,33,185,51,3,-33.9,2351.46,84,49,0.49,0
LA-TN-0219,Airport,Tamil Nadu,Tirunelveli,3000.73,2436,2120,18,0.97,0.93,0.93,0.69,0.69,0.56,0.56,0.56,0.74,198,12729.24,5826.8,6902.44,22.3,25,282,87,14,-94.7,1002.37,83,49,0.56,0
LA-UP-0079,Canal/Irrigation,Uttar Pradesh,Lucknow,275.35,380,524,5,0.8,0.71,0.61,0.61,0.53,0.53,0.53,0.4,0.59,55,3069.86,1172.27,1897.59,22.7,30,193,65,18,-15.4,1240.39,82,49,0.42,0
LA-MP-0556,Power Transmission,Madhya Pradesh,Sagar,2057.62,1277,1223,12,0.57,0.47,0.37,0.33,0.33,0.33,0.19,0.12,0.34,119,13467.78,4291.13,9176.65,10.5,28,153,33,9,-3.2,3698.23,76,49,0.43,0
LA-UP-0142,State Highway,Uttar Pradesh,Ghaziabad,519.16,1200,1072,11,0.92,0.92,0.75,0.72,0.72,0.68,0.47,0.47,0.71,24,17975.7,8662.6,9313.1,14.5,54,224,128,35,9.5,2918.91,75,49,0.52,0
LA-R-0395,Smart City,Rajasthan,Bikaner,729.1,1213,1498,16,0.78,0.78,0.76,0.74,0.7,0.65,0.43,0.43,0.66,189,8069.46,4683.13,3386.33,12.6,15,257,32,0,-23.3,4632.14,75,49,0.47,0
LA-G-0489,Power Transmission,Gujarat,Gandhinagar,916.4,422,551,5,0.93,0.74,0.63,0.54,0.54,0.52,0.35,0.32,0.57,37,3535.54,1509.84,2025.7,18.9,46,84,35,6,-20.0,4387.81,75,49,0.5,0
LA-WB-0660,Industrial Corridor,West Bengal,Malda,400.77,1039,1009,13,1.0,0.94,0.94,0.88,0.76,0.76,0.7,0.7,0.83,90,16041.24,11942.58,4098.66,22.4,15,274,27,5,-95.8,3398.45,74,49,0.5,0
LA-UP-0105,Smart City,Uttar Pradesh,Kanpur,802.98,2396,2396,18,0.93,0.93,0.85,0.76,0.76,0.76,0.61,0.61,0.78,299,15804.99,9260.15,6544.84,21.7,8,140,66,19,-17.9,4856.42,72,49,0.46,0
LA-TN-0181,Industrial Corridor,Tamil Nadu,Coimbatore,791.57,1119,1031,9,0.6,0.6,0.54,0.47,0.37,0.37,0.25,0.25,0.43,6,17355.36,5229.2,12126.16,18.5,0,136,81,23,20.0,2493.44,72,49,0.44,0
LA-MP-0532,Expressway,Madhya Pradesh,Gwalior,964.41,1334,1193,12,0.93,0.93,0.66,0.62,0.56,0.56,0.48,0.48,0.65,43,19747.37,9245.04,10502.33,19.6,12,101,24,2,34.5,2469.9,67,49,0.43,0
LA-R-0394,Expressway,Rajasthan,Bikaner,502.97,1016,1075,12,0.82,0.64,0.64,0.57,0.42,0.42,0.42,0.41,0.54,93,10369.84,3599.98,6769.86,23.3,3,200,46,2,-55.0,337.34,65,49,0.53,0
LA-R-0416,State Highway,Rajasthan,Bhilwara,742.42,1506,1526,14,1.0,1.0,0.74,0.74,0.74,0.74,0.74,0.52,0.78,66,8701.51,4525.3,4176.21,18.9,23,147,45,13,8.8,4445.78,65,49,0.56,0
LA-R-0386,Airport,Rajasthan,Ajmer,1193.05,998,1021,11,0.56,0.55,0.55,0.41,0.39,0.33,0.33,0.16,0.41,62,8710.24,2150.76,6559.48,8.0,6,61,25,2,25.7,1141.46,63,49,0.5,0
LA-AP-0738,Smart City,Andhra Pradesh,Visakhapatnam,1351.13,1862,1942,17,0.83,0.52,0.52,0.51,0.51,0.27,0.27,0.26,0.46,126,41466.59,10396.02,31070.57,5.7,16,235,99,13,-27.1,1657.78,62,49,0.51,0
LA-R-0375,Expressway,Rajasthan,Kota,2141.21,1541,1586,14,0.8,0.8,0.8,0.8,0.66,0.53,0.53,0.43,0.67,182,37635.99,19249.64,18386.35,5.3,43,158,32,7,-19.4,2303.29,61,49,0.56,0
LA-MP-0523,State Highway,Madhya Pradesh,Jabalpur,909.12,615,653,6,0.53,0.53,0.39,0.39,0.29,0.29,0.29,0.29,0.38,4,5073.94,1438.11,3635.83,10.3,6,95,50,10,11.1,4628.13,55,49,0.46,0
LA-K-0279,Railway,Karnataka,Mangaluru,1865.86,1497,1501,15,0.84,0.7,0.51,0.45,0.45,0.45,0.42,0.31,0.52,171,34375.91,14370.75,20005.16,10.0,5,201,71,16,0.0,1851.95,51,49,0.53,0
LA-AP-0766,SEZ,Andhra Pradesh,Nellore,634.75,1560,1706,17,0.4,0.38,0.22,0.22,0.22,0.16,0.1,0.1,0.23,167,29110.67,3979.7,25130.97,3.8,24,183,92,4,-3.1,1158.57,100,48,0.47,0
LA-UP-0084,Canal/Irrigation,Uttar Pradesh,Agra,1514.53,1363,1150,8,0.72,0.61,0.61,0.51,0.51,0.46,0.44,0.39,0.53,72,16268.21,6612.64,9655.57,13.7,51,152,38,10,-40.0,1833.77,93,48,0.5,0
LA-TN-0239,Expressway,Tamil Nadu,Vellore,2214.69,1922,1912,15,0.92,0.92,0.77,0.68,0.68,0.68,0.68,0.59,0.74,109,47438.32,30663.02,16775.3,24.8,49,123,44,8,-13.3,1468.89,88,48,0.48,0
LA-T-0706,Defence,Telangana,Khammam,897.21,733,611,7,0.81,0.81,0.72,0.65,0.63,0.44,0.44,0.44,0.62,30,9684.94,3963.33,5721.61,6.1,49,62,37,10,-11.6,1846.15,87,48,0.54,0
LA-M-0053,Smart City,Maharashtra,Solapur,594.97,358,402,5,0.9,0.82,0.72,0.67,0.52,0.52,0.52,0.47,0.64,48,2796.59,1413.88,1382.71,20.1,37,79,45,2,-23.5,2246.89,86,48,0.49,0
LA-G-0434,Expressway,Gujarat,Surat,1011.29,659,642,7,0.83,0.74,0.7,0.65,0.59,0.38,0.34,0.34,0.57,17,14870.66,5513.61,9357.05,7.7,60,251,147,25,36.4,3713.81,86,48,0.51,0
LA-K-0294,Defence,Karnataka,Belagavi,1890.67,1123,1001,10,0.99,0.84,0.79,0.62,0.51,0.47,0.43,0.43,0.64,116,23858.05,9487.7,14370.35,18.1,5,211,90,25,33.3,3886.76,82,48,0.49,0
LA-T-0674,Industrial Corridor,Telangana,Hyderabad,1424.21,929,915,10,0.84,0.78,0.78,0.71,0.55,0.55,0.55,0.4,0.65,98,15801.8,8370.65,7431.15,17.0,48,227,58,2,14.3,142.3,82,48,0.47,0
LA-MP-0501,National Highway,Madhya Pradesh,Bhopal,1555.36,1154,1232,11,0.83,0.56,0.5,0.5,0.37,0.37,0.23,0.2,0.45,163,15975.64,4639.28,11336.36,6.0,2,195,109,24,-13.5,1375.2,81,48,0.5,0
LA-WB-0634,SEZ,West Bengal,Asansol,4249.71,2277,2267,18,0.88,0.88,0.75,0.63,0.63,0.63,0.63,0.43,0.68,324,26717.87,12020.93,14696.94,6.1,44,172,67,18,-42.5,4972.98,80,48,0.52,0
LA-K-0257,Airport,Karnataka,Mysuru,1107.21,1424,1380,14,1.0,0.95,0.81,0.81,0.78,0.62,0.62,0.6,0.77,185,16552.58,7711.52,8841.06,3.7,43,226,102,23,-11.9,3774.3,76,48,0.51,0
LA-AP-0742,Smart City,Andhra Pradesh,Visakhapatnam,1609.49,1023,910,8,0.68,0.58,0.56,0.38,0.25,0.25,0.25,0.22,0.4,6,23313.17,5025.13,18288.04,18.9,6,64,28,1,-94.1,2607.07,76,48,0.53,0
LA-UP-0117,Defence,Uttar Pradesh,Prayagraj,2619.31,1713,1698,15,0.55,0.37,0.21,0.21,0.14,0.14,0.14,0.11,0.23,253,14214.78,1836.4,12378.38,7.5,1,54,14,0,-55.6,4234.08,74,48,0.5,0
LA-TN-0189,SEZ,Tamil Nadu,Coimbatore,984.26,1244,1141,12,0.75,0.72,0.66,0.62,0.43,0.43,0.39,0.3,0.54,40,27415.72,10301.49,17114.23,16.6,11,222,19,3,-23.8,2200.21,71,48,0.52,0
LA-AP-0741,Canal/Irrigation,Andhra Pradesh,Visakhapatnam,763.85,738,670,5,0.53,0.53,0.36,0.3,0.3,0.3,0.24,0.24,0.35,66,10934.07,2628.2,8305.87,2.2,29,178,13,1,-5.1,4874.34,64,48,0.42,0
LA-MP-0540,Power Transmission,Madhya Pradesh,Ujjain,1231.65,1146,1058,11,1.0,0.94,0.94,0.85,0.81,0.69,0.65,0.53,0.8,153,17565.59,11819.72,5745.87,21.2,16,259,24,0,9.6,603.73,61,48,0.52,0
LA-K-0297,SEZ,Karnataka,Belagavi,724.13,449,389,4,0.98,0.98,0.75,0.75,0.75,0.65,0.65,0.65,0.77,50,7863.87,4378.02,3485.85,4.2,44,237,76,19,-40.7,4374.53,57,48,0.53,0
LA-G-0494,Industrial Corridor,Gujarat,Gandhinagar,1493.69,1065,1051,13,0.68,0.5,0.41,0.41,0.33,0.33,0.22,0.22,0.39,12,21267.48,5953.97,15313.51,4.0,51,134,79,18,-29.6,2783.92,95,47,0.53,0
LA-R-0406,National Highway,Rajasthan,Alwar,1335.12,1316,1381,15,0.98,0.95,0.71,0.67,0.67,0.57,0.57,0.57,0.71,164,15300.22,8189.31,7110.91,24.9,24,246,130,25,-69.6,2010.86,94,47,0.42,0
LA-M-0032,Power Transmission,Maharashtra,Aurangabad,967.69,1968,1879,16,0.59,0.38,0.35,0.31,0.26,0.25,0.11,0.1,0.29,12,25763.57,5580.68,20182.89,5.3,29,150,74,10,4.1,2166.82,91,47,0.55,0
LA-T-0713,Expressway,Telangana,Mahbubnagar,1504.53,812,867,8,0.92,0.92,0.71,0.62,0.62,0.5,0.5,0.5,0.66,78,14893.87,5472.78,9421.09,20.7,32,199,53,0,-40.9,2342.21,91,47,0.45,0
LA-WB-0661,Canal/Irrigation,West Bengal,Malda,531.05,443,492,8,0.62,0.59,0.54,0.54,0.5,0.41,0.4,0.16,0.47,38,3946.94,1515.42,2431.52,14.3,23,267,94,7,-19.4,2882.75,85,47,0.55,0
LA-K-0245,SEZ,Karnataka,Bengaluru,293.91,965,968,9,0.95,0.66,0.6,0.57,0.57,0.57,0.46,0.46,0.6,6,15957.3,7340.09,8617.21,18.2,34,199,104,5,-62.5,4890.8,84,47,0.53,0
LA-G-0490,Railway,Gujarat,Gandhinagar,699.74,471,436,4,0.81,0.81,0.81,0.81,0.59,0.59,0.5,0.5,0.68,54,4276.86,1940.75,2336.11,23.5,28,142,69,20,5.0,2629.12,83,47,0.49,0
LA-MP-0545,Smart City,Madhya Pradesh,Ujjain,1772.2,1460,1625,16,0.82,0.64,0.61,0.54,0.5,0.42,0.35,0.33,0.53,120,21285.76,8167.67,13118.09,20.0,29,115,52,6,10.4,4831.48,83,47,0.51,0
LA-AP-0750,Smart City,Andhra Pradesh,Vijayawada,313.87,920,989,10,1.0,1.0,0.88,0.87,0.8,0.79,0.66,0.49,0.81,47,8961.98,6395.27,2566.71,20.7,42,67,37,7,-43.5,2219.64,82,47,0.45,0
LA-K-0310,Metro Rail,Karnataka,Ballari,1907.97,989,1118,9,1.0,0.87,0.81,0.72,0.68,0.68,0.61,0.61,0.75,30,18829.11,11388.94,7440.17,16.9,58,274,153,32,-57.9,586.8,75,47,0.43,0
LA-M-0039,Smart City,Maharashtra,Thane,788.6,1955,1956,16,0.76,0.47,0.39,0.39,0.36,0.28,0.28,0.12,0.38,28,31641.99,6960.73,24681.26,10.8,6,129,36,8,15.8,2952.88,73,47,0.53,0
LA-WB-0593,SEZ,West Bengal,Howrah,1645.75,1324,1298,12,1.0,0.69,0.67,0.67,0.55,0.55,0.55,0.45,0.64,172,12611.95,4908.86,7703.09,4.9,50,156,13,0,-91.3,2737.34,73,47,0.45,0
LA-UP-0112,Airport,Uttar Pradesh,Kanpur,699.36,1402,1500,13,0.58,0.56,0.53,0.42,0.41,0.41,0.41,0.23,0.44,81,11248.1,4379.22,6868.88,16.5,25,174,17,3,-49.2,699.9,72,47,0.53,0
LA-M-0011,Metro Rail,Maharashtra,Nagpur,1395.25,1196,1218,14,0.92,0.63,0.57,0.44,0.44,0.44,0.44,0.35,0.53,137,6175.6,1995.02,4180.58,5.1,16,91,35,9,-67.5,1533.96,70,47,0.45,0
LA-WB-0657,Airport,West Bengal,Malda,2873.47,2162,2047,18,0.93,0.76,0.75,0.59,0.59,0.5,0.5,0.41,0.63,118,39884.19,17447.71,22436.48,10.0,33,227,70,21,-69.6,1191.44,70,47,0.48,0
LA-TN-0199,Expressway,Tamil Nadu,Madurai,564.96,659,668,6,0.81,0.54,0.46,0.37,0.37,0.37,0.3,0.3,0.44,45,9824.85,3551.37,6273.48,4.8,26,75,9,2,21.3,2014.46,68,47,0.53,0
LA-R-0383,Power Transmission,Rajasthan,Ajmer,2988.97,1500,1633,13,0.71,0.64,0.64,0.55,0.53,0.52,0.33,0.29,0.53,12,18709.03,7137.67,11571.36,17.8,46,280,127,32,0.0,1499.93,68,47,0.54,0
LA-MP-0560,SEZ,Madhya Pradesh,Rewa,2351.62,1586,1435,14,0.55,0.51,0.41,0.4,0.28,0.27,0.05,0.05,0.32,8,24286.07,6480.8,17805.27,6.7,19,99,37,0,18.4,466.4,68,47,0.48,0
LA-G-0478,Industrial Corridor,Gujarat,Junagadh,833.44,658,541,6,0.51,0.51,0.4,0.39,0.21,0.21,0.07,0.03,0.29,23,9008.94,1458.75,7550.19,12.6,3,74,34,8,-50.0,2590.85,63,47,0.43,0
LA-K-0308,National Highway,Karnataka,Ballari,189.73,474,443,3,0.59,0.59,0.56,0.56,0.38,0.3,0.3,0.3,0.45,39,10260.83,2836.72,7424.11,11.9,11,201,67,20,30.0,3159.96,62,47,0.49,0
LA-R-0336,SEZ,Rajasthan,Jaipur,2223.25,1349,1213,12,0.83,0.83,0.83,0.67,0.61,0.59,0.59,0.53,0.68,45,10620.54,4573.11,6047.43,16.3,40,270,27,4,-8.3,2304.25,59,47,0.46,0
LA-MP-0548,National Highway,Madhya Pradesh,Ujjain,930.4,718,641,6,0.89,0.62,0.55,0.55,0.55,0.51,0.39,0.39,0.56,31,14848.29,6980.64,7867.65,6.7,27,178,42,12,20.9,334.79,56,47,0.48,0
LA-MP-0570,Canal/Irrigation,Madhya Pradesh,Satna,1307.41,1704,1556,15,0.85,0.85,0.67,0.67,0.67,0.56,0.51,0.51,0.66,94,35444.06,16596.95,18847.11,2.9,55,95,49,13,-53.3,2081.39,55,47,0.44,0
LA-TN-0182,Defence,Tamil Nadu,Coimbatore,1840.99,1417,1305,13,0.93,0.93,0.84,0.84,0.84,0.83,0.67,0.67,0.82,32,23757.61,15627.48,8130.13,18.8,34,254,111,0,-4.7,1487.83,53,47,0.49,0
LA-WB-0585,Power Transmission,West Bengal,Kolkata,1896.42,1585,1410,12,0.93,0.65,0.64,0.59,0.59,0.59,0.52,0.38,0.61,116,21498.04,11926.66,9571.38,7.6,17,252,22,0,16.1,3152.58,51,47,0.45,0
LA-K-0270,National Highway,Karnataka,Hubballi,670.6,754,894,9,1.0,1.0,0.82,0.81,0.81,0.69,0.69,0.56,0.8,65,5885.51,2974.46,2911.05,18.3,15,215,45,5,-39.1,2172.24,48,47,0.5,0
LA-TN-0186,Railway,Tamil Nadu,Coimbatore,2103.51,1163,1094,15,0.52,0.52,0.28,0.28,0.26,0.24,0.09,0.09,0.29,119,24298.92,5273.53,19025.39,11.5,8,124,47,7,-50.0,3682.49,99,46,0.43,0
LA-R-0391,Canal/Irrigation,Rajasthan,Ajmer,771.86,560,437,3,0.79,0.67,0.54,0.42,0.36,0.36,0.25,0.25,0.46,6,4112.48,1129.67,2982.81,21.1,18,149,40,1,-70.6,113.36,96,46,0.49,0
LA-UP-0126,Industrial Corridor,Uttar Pradesh,Prayagraj,2778.12,1364,1557,14,0.61,0.58,0.57,0.46,0.27,0.26,0.26,0.26,0.41,3,11243.49,2161.02,9082.47,12.4,15,225,106,11,-16.7,4931.7,86,46,0.49,0
LA-UP-0099,Metro Rail,Uttar Pradesh,Varanasi,440.78,580,795,8,0.9,0.73,0.73,0.57,0.55,0.53,0.42,0.41,0.6,66,8404.97,3237.67,5167.3,11.8,57,256,101,9,-84.6,2133.28,83,46,0.48,0
LA-TN-0197,Industrial Corridor,Tamil Nadu,Madurai,1591.02,1619,1595,15,1.0,0.77,0.76,0.76,0.56,0.56,0.56,0.44,0.68,105,25063.89,10566.9,14496.99,18.9,32,240,53,11,-4.2,1652.87,79,46,0.51,0
LA-K-0253,Industrial Corridor,Karnataka,Bengaluru,1503.09,839,893,9,0.75,0.74,0.57,0.57,0.43,0.43,0.41,0.33,0.53,132,4590.94,1931.95,2658.99,13.1,23,90,30,6,-80.8,2891.83,78,46,0.38,0
LA-UP-0130,Canal/Irrigation,Uttar Pradesh,Meerut,813.03,885,818,12,0.95,0.7,0.7,0.63,0.63,0.45,0.45,0.42,0.62,114,6642.2,2542.77,4099.43,20.6,13,209,71,14,-14.0,980.41,77,46,0.47,0
LA-G-0448,Expressway,Gujarat,Rajkot,2709.19,2352,2144,17,0.88,0.6,0.6,0.6,0.45,0.45,0.45,0.34,0.55,177,40902.87,18383.39,22519.48,7.0,57,236,130,39,-58.3,4905.23,77,46,0.52,0
LA-AP-0756,Metro Rail,Andhra Pradesh,Vijayawada,1042.66,754,811,7,0.98,0.82,0.76,0.61,0.59,0.59,0.57,0.45,0.67,50,12625.98,6818.23,5807.75,10.9,42,159,15,3,4.3,2646.85,76,46,0.48,0
LA-UP-0074,National Highway,Uttar Pradesh,Lucknow,360.46,350,378,5,0.71,0.57,0.57,0.47,0.47,0.38,0.28,0.27,0.46,39,4465.3,1405.76,3059.54,6.7,9,93,45,9,-51.3,3815.52,72,46,0.49,0
LA-MP-0513,Metro Rail,Madhya Pradesh,Indore,262.03,635,635,7,0.64,0.54,0.54,0.44,0.38,0.23,0.23,0.12,0.39,47,3401.11,701.68,2699.43,3.0,22,97,53,15,-52.8,1909.07,72,46,0.4,0
LA-R-0400,Metro Rail,Rajasthan,Bikaner,2212.86,1743,1753,17,0.79,0.52,0.49,0.46,0.34,0.34,0.34,0.3,0.45,206,40081.86,13271.21,26810.65,15.1,5,118,64,10,-65.5,114.67,71,46,0.38,0
LA-WB-0640,Industrial Corridor,West Bengal,Asansol,962.89,911,1372,10,0.91,0.86,0.67,0.57,0.57,0.57,0.5,0.36,0.63,128,8524.84,3536.8,4988.04,6.8,21,292,143,3,-93.3,4366.44,71,46,0.47,0
LA-R-0333,Smart City,Rajasthan,Jaipur,1392.19,1021,882,7,0.75,0.7,0.53,0.51,0.51,0.51,0.38,0.38,0.53,56,18619.47,9071.6,9547.87,4.2,18,51,26,2,3.4,1222.21,70,46,0.43,0
LA-G-0433,SEZ,Gujarat,Surat,316.2,790,831,7,0.69,0.67,0.49,0.46,0.33,0.33,0.27,0.24,0.43,56,8608.2,2709.86,5898.34,15.9,15,114,16,0,17.3,2376.45,69,46,0.43,0
LA-T-0679,SEZ,Telangana,Warangal,2407.55,1600,1663,16,0.77,0.77,0.55,0.55,0.52,0.48,0.43,0.32,0.55,178,30070.48,10323.55,19746.93,5.8,27,282,25,1,-50.9,750.97,65,46,0.45,0
LA-TN-0227,Railway,Tamil Nadu,Erode,1724.13,1231,1139,10,0.92,0.92,0.92,0.85,0.62,0.62,0.62,0.58,0.76,77,11889.86,7167.81,4722.05,18.1,2,128,65,7,-19.6,1621.45,60,46,0.47,0
LA-T-0702,Power Transmission,Telangana,Khammam,758.91,1965,1703,18,0.81,0.81,0.7,0.52,0.52,0.48,0.41,0.39,0.58,180,21520.27,7597.74,13922.53,3.6,14,285,128,7,-15.4,958.58,59,46,0.48,0
LA-T-0683,Power Transmission,Telangana,Nizamabad,2477.16,2093,1948,16,0.7,0.7,0.55,0.46,0.46,0.46,0.46,0.32,0.51,71,27358.71,11827.55,15531.16,8.2,15,66,35,5,-18.8,2154.94,57,46,0.48,0
LA-G-0475,Smart City,Gujarat,Jamnagar,2737.21,1982,1759,15,0.83,0.81,0.67,0.55,0.53,0.53,0.4,0.4,0.59,229,32720.72,15533.29,17187.43,13.0,16,84,25,3,-47.9,2767.47,56,46,0.46,0
LA-AP-0744,Airport,Andhra Pradesh,Visakhapatnam,1986.13,1825,1611,17,0.97,0.78,0.78,0.78,0.63,0.63,0.59,0.59,0.72,160,19171.85,9432.08,9739.77,21.2,9,251,62,11,-11.1,2324.83,54,46,0.52,0
LA-TN-0190,Canal/Irrigation,Tamil Nadu,Coimbatore,380.45,330,404,5,0.68,0.46,0.41,0.41,0.27,0.27,0.27,0.16,0.37,22,6742.02,1680.37,5061.65,4.5,3,258,83,13,-44.7,3687.06,53,46,0.47,0
LA-M-0008,State Highway,Maharashtra,Pune,231.59,260,272,5,0.95,0.68,0.68,0.5,0.46,0.46,0.44,0.44,0.58,26,2720.47,1154.23,1566.24,4.6,27,79,30,5,-22.9,574.02,52,46,0.47,0
LA-R-0359,Power Transmission,Rajasthan,Udaipur,2836.55,1882,1747,18,0.8,0.69,0.59,0.49,0.4,0.35,0.22,0.22,0.47,233,30055.64,9792.88,20262.76,6.0,29,239,57,8,-23.8,1867.31,89,45,0.39,0
LA-K-0299,Railway,Karnataka,Belagavi,2693.68,1563,1706,16,0.68,0.68,0.68,0.56,0.56,0.37,0.37,0.37,0.53,150,17458.96,4606.1,12852.86,7.1,35,222,27,3,-85.7,3140.73,86,45,0.39,0
LA-K-0291,Railway,Karnataka,Belagavi,2404.85,1365,1493,16,0.48,0.41,0.39,0.39,0.25,0.25,0.14,0.14,0.31,189,21991.46,4572.17,17419.29,6.4,6,292,46,5,-50.0,4281.65,84,45,0.52,0
LA-T-0682,Power Transmission,Telangana,Nizamabad,1565.08,1081,1173,11,0.75,0.75,0.66,0.59,0.54,0.3,0.24,0.24,0.51,44,14843.75,4153.06,10690.69,12.7,4,54,18,5,-88.2,2476.68,73,45,0.46,0
LA-TN-0177,Power Transmission,Tamil Nadu,Chennai,1426.72,1507,1643,18,1.0,0.83,0.79,0.79,0.65,0.65,0.59,0.58,0.73,140,36223.31,21583.07,14640.24,17.6,58,66,8,0,-73.7,1714.33,70,45,0.39,0
LA-R-0407,National Highway,Rajasthan,Alwar,356.73,759,798,9,0.86,0.65,0.65,0.6,0.57,0.39,0.39,0.32,0.55,0,17123.31,5991.78,11131.53,23.4,3,297,52,11,-37.0,2651.72,69,45,0.46,0
LA-UP-0087,National Highway,Uttar Pradesh,Agra,228.6,576,500,4,0.74,0.56,0.34,0.34,0.34,0.32,0.32,0.1,0.38,75,8638.45,2472.64,6165.81,4.6,25,103,32,2,-71.4,1446.12,68,45,0.39,0
LA-R-0352,Expressway,Rajasthan,Jodhpur,966.87,1348,1321,12,1.0,0.98,0.93,0.72,0.72,0.65,0.64,0.51,0.77,162,26498.71,13054.31,13444.4,19.4,5,175,96,8,-79.4,318.94,68,45,0.4,0
LA-WB-0578,Industrial Corridor,West Bengal,Kolkata,1781.22,1355,1274,12,0.74,0.73,0.69,0.58,0.58,0.58,0.55,0.45,0.61,63,9820.02,5598.22,4221.8,10.6,4,178,37,0,12.5,502.96,54,45,0.41,0
LA-UP-0144,Canal/Irrigation,Uttar Pradesh,Ghaziabad,1102.36,947,961,11,0.88,0.88,0.78,0.77,0.77,0.64,0.64,0.64,0.75,91,7975.96,4630.89,3345.07,15.1,16,137,45,1,-67.5,3066.06,53,45,0.41,0
LA-M-0041,National Highway,Maharashtra,Thane,1365.28,1550,1450,18,0.62,0.52,0.5,0.5,0.38,0.29,0.29,0.2,0.41,24,32454.65,8981.08,23473.57,5.9,10,203,86,20,14.3,4425.64,49,45,0.5,0
LA-TN-0232,National Highway,Tamil Nadu,Erode,1596.37,1084,1066,10,0.8,0.64,0.64,0.64,0.61,0.55,0.46,0.46,0.6,132,17473.52,7611.54,9861.98,8.6,1,174,92,7,-4.2,2238.2,46,45,0.52,0
LA-WB-0615,Power Transmission,West Bengal,Siliguri,971.28,572,559,6,0.79,0.79,0.79,0.78,0.56,0.56,0.55,0.55,0.67,22,8632.89,3721.57,4911.32,3.5,41,292,20,1,-21.6,4665.15,46,45,0.48,0
LA-TN-0229,Canal/Irrigation,Tamil Nadu,Erode,1842.25,1131,1242,12,0.87,0.81,0.61,0.61,0.61,0.52,0.34,0.34,0.59,124,12288.03,6252.62,6035.41,9.1,59,154,59,10,-50.0,154.23,93,44,0.43,0
LA-UP-0107,Defence,Uttar Pradesh,Kanpur,3098.45,1739,1629,16,0.91,0.68,0.59,0.58,0.5,0.5,0.47,0.36,0.57,241,41756.31,17870.99,23885.32,4.7,36,80,31,0,-80.8,4110.98,87,44,0.4,0
LA-K-0312,SEZ,Karnataka,Ballari,970.78,1742,1542,13,0.68,0.65,0.51,0.51,0.51,0.48,0.45,0.45,0.53,137,34195.89,13163.1,21032.79,10.8,39,207,74,3,-94.1,3439.12,87,44,0.5,0
LA-MP-0503,Railway,Madhya Pradesh,Bhopal,328.45,384,391,5,1.0,1.0,0.87,0.79,0.79,0.79,0.64,0.64,0.82,20,8897.89,5039.92,3857.97,17.2,60,290,43,5,-95.0,2982.27,87,44,0.39,0
LA-WB-0648,Metro Rail,West Bengal,Bardhaman,1380.73,1154,1116,9,0.98,0.98,0.82,0.82,0.82,0.82,0.82,0.65,0.84,6,10496.1,6809.77,3686.33,23.1,56,222,70,15,23.1,4880.12,86,44,0.46,0
LA-WB-0635,National Highway,West Bengal,Asansol,559.04,1109,1021,12,0.78,0.68,0.59,0.59,0.54,0.54,0.54,0.51,0.6,110,10929.85,4175.19,6754.66,17.9,1,144,18,4,-23.4,4183.63,74,44,0.45,0
LA-TN-0191,Defence,Tamil Nadu,Coimbatore,2002.53,976,1103,12,0.74,0.47,0.37,0.37,0.29,0.29,0.18,0.18,0.36,29,21737.84,4565.62,17172.22,6.8,21,258,75,2,-68.4,4587.74,72,44,0.38,0
LA-TN-0202,Expressway,Tamil Nadu,Madurai,462.82,696,630,5,0.42,0.42,0.38,0.22,0.22,0.08,0,0,0.22,25,8909.75,645.21,8264.54,4.7,3,96,21,4,4.7,4119.36,69,44,0.4,0
LA-UP-0153,Expressway,Uttar Pradesh,Ghaziabad,727.66,820,809,8,0.66,0.61,0.57,0.34,0.31,0.31,0.31,0.25,0.42,2,15721.72,4460.33,11261.39,12.8,9,121,47,1,-41.4,4425.09,65,44,0.48,0
LA-TN-0174,State Highway,Tamil Nadu,Chennai,2647.35,1706,1890,16,0.81,0.75,0.75,0.6,0.6,0.6,0.43,0.43,0.62,57,42325.49,23959.15,18366.34,5.4,22,205,97,27,-25.0,2708.38,62,44,0.38,0
LA-TN-0240,Power Transmission,Tamil Nadu,Vellore,311.54,228,298,4,0.92,0.76,0.66,0.66,0.66,0.52,0.51,0.51,0.65,33,3571.45,1421.9,2149.55,13.6,5,187,34,7,0.0,497.81,59,44,0.47,0
LA-K-0323,Railway,Karnataka,Tumakuru,420.47,449,485,5,1.0,0.73,0.73,0.57,0.57,0.56,0.41,0.41,0.62,55,6110.1,3226.14,2883.96,14.6,21,79,18,4,18.5,2878.17,59,44,0.39,0
LA-AP-0769,Industrial Corridor,Andhra Pradesh,Nellore,2689.92,1608,1538,15,0.9,0.73,0.73,0.5,0.5,0.5,0.34,0.34,0.57,148,22808.04,9853.29,12954.75,6.8,43,121,15,1,-93.3,1996.07,59,44,0.43,0
LA-G-0471,National Highway,Gujarat,Jamnagar,1647.51,832,894,8,0.64,0.64,0.63,0.63,0.61,0.35,0.3,0.3,0.51,77,16451.17,4227.93,12223.24,11.7,7,121,47,8,-33.3,1255.41,58,44,0.39,0
LA-UP-0110,Power Transmission,Uttar Pradesh,Kanpur,950.91,543,484,4,0.72,0.72,0.56,0.49,0.49,0.37,0.37,0.3,0.5,17,5848.74,2058.16,3790.58,13.6,14,259,41,12,19.0,4576.25,56,44,0.38,0
LA-T-0718,National Highway,Telangana,Nalgonda,1327.87,1836,1694,18,0.88,0.82,0.79,0.62,0.62,0.62,0.62,0.51,0.69,171,32985.44,18416.72,14568.72,22.2,17,94,49,9,-30.8,2723.0,56,44,0.39,0
LA-AP-0790,Canal/Irrigation,Andhra Pradesh,Kurnool,1161.4,681,613,8,0.96,0.84,0.74,0.72,0.57,0.57,0.52,0.34,0.66,24,9656.37,4521.72,5134.65,7.4,11,121,69,18,20.0,3547.02,54,44,0.44,0
LA-UP-0136,Canal/Irrigation,Uttar Pradesh,Meerut,2009.3,1825,1706,17,0.75,0.69,0.56,0.49,0.37,0.37,0.37,0.2,0.47,221,30449.84,8154.06,22295.78,8.0,28,244,25,5,10.7,275.53,90,43,0.5,0
LA-M-0023,Railway,Maharashtra,Nashik,3315.91,1789,1901,16,1.0,0.97,0.73,0.64,0.64,0.64,0.61,0.59,0.73,76,22033.99,10771.68,11262.31,19.8,46,76,17,4,-25.0,1923.67,89,43,0.43,0
LA-K-0267,Expressway,Karnataka,Hubballi,2405.19,1671,1591,15,0.82,0.77,0.77,0.61,0.57,0.57,0.49,0.49,0.64,232,34957.18,18908.4,16048.78,22.1,21,170,94,10,-96.3,1016.35,88,43,0.5,0
LA-M-0015,Smart City,Maharashtra,Nagpur,2934.68,1894,1959,17,1.0,0.75,0.66,0.66,0.59,0.57,0.55,0.45,0.65,250,29459.84,14987.41,14472.43,15.7,39,179,44,6,20.5,3817.23,78,43,0.41,0
LA-M-0059,Defence,Maharashtra,Kolhapur,1638.32,1354,1389,14,0.93,0.93,0.84,0.73,0.73,0.56,0.51,0.51,0.72,175,19083.06,9108.02,9975.04,24.1,25,118,60,11,-41.8,2679.78,78,43,0.42,0
LA-T-0688,State Highway,Telangana,Karimnagar,410.12,219,301,3,0.92,0.8,0.8,0.78,0.53,0.53,0.53,0.39,0.66,3,3992.25,2068.82,1923.43,23.2,21,77,39,3,-46.7,547.04,77,43,0.49,0
LA-M-0064,National Highway,Maharashtra,Kolhapur,2061.52,976,1064,9,0.97,0.73,0.73,0.58,0.53,0.53,0.47,0.47,0.63,91,6501.98,2505.66,3996.32,20.5,15,96,57,10,-75.0,4100.92,75,43,0.42,0
LA-M-0013,State Highway,Maharashtra,Nagpur,854.39,908,878,10,0.96,0.75,0.72,0.6,0.6,0.6,0.45,0.45,0.64,8,9753.57,4417.72,5335.85,5.1,41,102,58,1,-5.1,2721.81,73,43,0.42,0
LA-WB-0581,National Highway,West Bengal,Kolkata,1834.96,1093,1133,9,0.77,0.77,0.56,0.56,0.5,0.43,0.41,0.33,0.54,65,8450.01,2961.92,5488.09,3.6,38,216,50,12,-51.7,4599.78,73,43,0.44,0
LA-R-0364,Canal/Irrigation,Rajasthan,Udaipur,545.8,644,667,7,0.59,0.37,0.37,0.37,0.36,0.29,0.14,0.14,0.33,18,11314.14,2382.49,8931.65,7.6,6,218,104,8,-71.4,3391.67,64,43,0.4,0
LA-K-0247,Expressway,Karnataka,Bengaluru,1086.2,2336,2075,18,0.89,0.88,0.74,0.63,0.63,0.49,0.47,0.39,0.64,132,49996.49,21177.56,28818.93,2.2,44,266,148,33,16.4,2867.37,62,43,0.46,0
LA-K-0313,Power Transmission,Karnataka,Ballari,2296.59,1474,1789,15,0.89,0.89,0.61,0.61,0.59,0.59,0.51,0.51,0.65,83,21413.5,12002.21,9411.29,22.5,8,287,111,33,-86.2,790.15,62,43,0.44,0
LA-K-0275,State Highway,Karnataka,Mangaluru,1769.46,1222,1246,12,0.7,0.7,0.64,0.59,0.52,0.49,0.49,0.31,0.55,143,19924.28,7254.8,12669.48,3.5,30,68,30,8,28.1,1478.27,58,43,0.38,0
LA-TN-0233,Power Transmission,Tamil Nadu,Erode,1169.12,2173,2222,18,1.0,0.9,0.85,0.83,0.8,0.68,0.68,0.63,0.8,264,28998.36,18915.04,10083.32,17.0,11,104,48,6,-35.3,4011.03,57,43,0.47,0
LA-R-0331,National Highway,Rajasthan,Jaipur,1768.75,1358,1200,12,0.89,0.75,0.75,0.62,0.62,0.61,0.39,0.32,0.62,39,31954.49,17283.12,14671.37,14.8,35,64,21,0,9.8,4764.0,56,43,0.41,0
LA-AP-0773,Airport,Andhra Pradesh,Nellore,618.31,440,492,7,0.96,0.83,0.64,0.61,0.59,0.56,0.53,0.31,0.63,36,2515.75,1215.69,1300.06,15.4,5,271,19,0,-48.6,1234.51,51,43,0.47,0
LA-TN-0218,Railway,Tamil Nadu,Tirunelveli,440.34,519,405,4,1.0,0.83,0.83,0.83,0.77,0.63,0.54,0.47,0.74,3,9235.31,4852.75,4382.56,9.4,18,53,29,8,20.0,3443.86,48,43,0.5,0
LA-WB-0597,Defence,West Bengal,Howrah,902.87,1616,1590,15,1.0,0.94,0.72,0.72,0.61,0.6,0.56,0.46,0.7,117,31108.16,17475.18,13632.98,17.2,8,61,32,6,-82.6,3905.5,48,43,0.43,0
LA-WB-0620,National Highway,West Bengal,Durgapur,1043.2,600,552,4,0.98,0.93,0.93,0.74,0.74,0.65,0.65,0.65,0.78,76,9489.13,4488.14,5000.99,7.7,21,63,18,5,-15.8,2971.23,42,43,0.41,0
LA-G-0486,Airport,Gujarat,Gandhinagar,2331.7,1757,1866,18,0.75,0.7,0.51,0.47,0.47,0.31,0.31,0.31,0.48,91,22897.55,5985.46,16912.09,10.6,14,182,52,11,0.0,3766.08,84,42,0.44,0
LA-K-0256,Defence,Karnataka,Bengaluru,539.65,520,561,6,0.94,0.73,0.52,0.46,0.46,0.4,0.4,0.38,0.54,59,12914.88,4809.22,8105.66,6.6,16,200,105,20,-93.1,366.92,81,42,0.49,0
LA-G-0463,Expressway,Gujarat,Bhavnagar,1072.55,1150,1163,12,0.81,0.81,0.73,0.56,0.5,0.48,0.44,0.44,0.6,133,22926.65,8904.77,14021.88,21.0,9,268,57,9,-37.3,2463.24,80,42,0.49,0
LA-AP-0817,Expressway,Andhra Pradesh,Rajahmundry,1494.96,1903,1717,18,0.91,0.8,0.71,0.71,0.68,0.68,0.62,0.62,0.72,201,22386.83,15079.89,7306.94,23.4,38,180,55,14,-45.5,4403.87,79,42,0.44,0
LA-M-0028,Expressway,Maharashtra,Aurangabad,1066.26,720,749,7,0.84,0.84,0.71,0.56,0.43,0.43,0.4,0.4,0.58,104,4574.4,1632.63,2941.77,14.7,18,61,26,3,8.3,1653.42,75,42,0.48,0
LA-G-0446,Canal/Irrigation,Gujarat,Rajkot,1060.02,384,582,6,0.8,0.7,0.64,0.55,0.53,0.51,0.36,0.24,0.54,76,4897.51,2114.82,2782.69,12.8,19,161,59,0,8.0,1133.64,75,42,0.4,0
LA-K-0322,Power Transmission,Karnataka,Tumakuru,942.07,677,788,8,0.8,0.62,0.52,0.52,0.41,0.39,0.39,0.39,0.51,22,7754.17,2368.6,5385.57,17.7,18,166,64,14,10.0,4843.2,72,42,0.35,0
LA-TN-0200,Industrial Corridor,Tamil Nadu,Madurai,2633.14,1460,1600,14,0.81,0.81,0.81,0.77,0.6,0.6,0.57,0.45,0.68,165,25957.89,11612.7,14345.19,24.4,20,174,50,4,0.0,3840.66,70,42,0.41,0
LA-G-0423,Industrial Corridor,Gujarat,Ahmedabad,2385.87,1753,1807,18,0.85,0.82,0.77,0.69,0.63,0.53,0.43,0.41,0.64,6,36071.18,13910.54,22160.64,8.9,23,101,32,9,-60.4,3165.94,70,42,0.5,0
LA-MP-0511,Smart City,Madhya Pradesh,Indore,272.7,609,671,6,0.99,0.74,0.74,0.73,0.61,0.5,0.43,0.43,0.65,83,7037.13,3375.33,3661.8,21.4,7,297,149,28,-17.2,801.69,70,42,0.48,0
LA-AP-0762,Airport,Andhra Pradesh,Guntur,1909.51,1805,1649,17,0.84,0.79,0.64,0.63,0.62,0.5,0.5,0.5,0.63,199,32780.31,15655.6,17124.71,7.1,53,132,41,2,-36.7,123.17,70,42,0.36,0
LA-WB-0649,Industrial Corridor,West Bengal,Bardhaman,493.03,562,560,5,1.0,0.84,0.84,0.75,0.75,0.59,0.59,0.59,0.74,63,13530.38,6289.49,7240.89,12.9,40,288,159,29,8.8,3188.4,68,42,0.46,0
LA-G-0453,Industrial Corridor,Gujarat,Rajkot,924.35,675,667,7,1.0,0.96,0.8,0.69,0.69,0.65,0.6,0.6,0.75,96,7709.59,4602.44,3107.15,10.3,22,62,16,1,11.6,4821.1,66,42,0.44,0
LA-MP-0531,Smart City,Madhya Pradesh,Gwalior,1750.62,1347,1500,15,0.78,0.78,0.59,0.59,0.42,0.42,0.29,0.29,0.52,220,13623.27,4159.14,9464.13,7.1,22,140,14,4,-51.7,3358.54,66,42,0.4,0
LA-MP-0526,Airport,Madhya Pradesh,Jabalpur,578.75,936,1163,10,0.67,0.43,0.37,0.37,0.24,0.24,0.24,0.24,0.35,15,17158.55,3637.56,13520.99,7.6,8,76,42,0,29.2,3849.44,65,42,0.47,0
LA-UP-0120,Airport,Uttar Pradesh,Prayagraj,2394.28,1831,1854,18,0.86,0.72,0.67,0.64,0.62,0.49,0.44,0.43,0.61,258,18807.1,7854.26,10952.84,11.5,33,205,23,1,-11.1,2297.9,64,42,0.34,0
LA-G-0440,Power Transmission,Gujarat,Vadodara,1167.1,846,775,8,0.98,0.73,0.73,0.73,0.68,0.63,0.57,0.44,0.69,26,18842.95,9751.59,9091.36,19.7,24,230,119,16,-19.6,3108.66,64,42,0.39,0
LA-G-0473,Airport,Gujarat,Jamnagar,1006.92,1391,1499,15,1.0,0.93,0.68,0.62,0.62,0.62,0.62,0.62,0.71,199,25530.86,13324.44,12206.42,11.8,33,297,83,3,-68.2,3445.59,62,42,0.42,0
LA-WB-0632,State Highway,West Bengal,Asansol,865.42,1705,1698,18,0.92,0.87,0.84,0.8,0.65,0.53,0.43,0.43,0.68,139,39141.54,18460.64,20680.9,10.5,31,68,4,0,15.2,1169.7,62,42,0.38,0
LA-MP-0546,SEZ,Madhya Pradesh,Ujjain,573.05,513,497,6,0.98,0.94,0.79,0.79,0.64,0.64,0.64,0.53,0.74,18,11113.53,5131.06,5982.47,20.4,16,140,79,3,-31.4,322.33,53,42,0.41,0
LA-K-0277,Expressway,Karnataka,Mangaluru,485.89,955,1026,11,1.0,0.86,0.86,0.83,0.75,0.64,0.61,0.53,0.76,41,4928.0,2944.14,1983.86,12.8,45,111,53,0,-47.6,2252.94,51,42,0.38,0
LA-UP-0115,Industrial Corridor,Uttar Pradesh,Kanpur,2734.75,1619,1603,17,0.69,0.69,0.65,0.65,0.47,0.45,0.45,0.36,0.55,38,40444.65,17896.53,22548.12,7.3,2,105,45,8,5.6,977.09,46,42,0.44,0
LA-R-0412,Defence,Rajasthan,Bhilwara,804.36,1404,1440,12,0.98,0.98,0.98,0.79,0.79,0.7,0.67,0.55,0.81,95,19682.34,10599.3,9083.04,6.6,35,117,37,4,-1.8,173.02,42,42,0.42,0
LA-T-0685,Canal/Irrigation,Telangana,Nizamabad,782.86,1554,1394,14,1.0,0.96,0.9,0.75,0.75,0.69,0.66,0.66,0.8,90,26539.99,14753.3,11786.69,9.5,28,124,33,5,-52.9,4900.67,42,42,0.36,0
LA-AP-0755,Power Transmission,Andhra Pradesh,Vijayawada,1278.25,1633,1539,14,0.77,0.62,0.45,0.3,0.3,0.3,0.18,0.18,0.39,175,18612.61,5358.99,13253.62,7.4,4,122,63,8,-21.4,4180.81,85,41,0.44,0
LA-K-0269,Railway,Karnataka,Hubballi,1710.08,1191,1403,11,1.0,0.88,0.75,0.75,0.68,0.52,0.47,0.43,0.69,148,9318.86,3976.06,5342.8,21.8,25,237,44,9,-15.6,1468.03,80,41,0.44,0
LA-WB-0625,SEZ,West Bengal,Durgapur,1518.72,1202,1184,14,0.8,0.8,0.76,0.58,0.58,0.58,0.48,0.48,0.63,105,26833.61,12073.37,14760.24,5.2,42,140,40,6,-32.8,3134.62,80,41,0.48,0
LA-UP-0159,Metro Rail,Uttar Pradesh,Bareilly,1743.22,850,968,12,0.92,0.59,0.55,0.55,0.52,0.37,0.37,0.37,0.53,142,13515.61,4261.96,9253.65,3.6,24,111,23,6,-85.2,2177.79,78,41,0.39,0
LA-TN-0237,Power Transmission,Tamil Nadu,Vellore,1989.32,1846,2026,16,0.95,0.95,0.78,0.78,0.78,0.67,0.67,0.55,0.77,283,20197.9,10576.75,9621.15,12.4,45,256,119,6,-5.4,3241.41,77,41,0.43,0
LA-WB-0654,Railway,West Bengal,Malda,369.86,755,770,6,0.52,0.52,0.52,0.3,0.3,0.3,0.3,0.24,0.38,19,4737.43,1085.22,3652.21,4.5,14,150,79,17,-82.8,4075.71,77,41,0.48,0
LA-T-0693,Expressway,Telangana,Karimnagar,1447.78,682,797,8,0.87,0.76,0.62,0.54,0.54,0.46,0.34,0.34,0.56,107,13045.49,5911.24,7134.25,2.4,28,184,110,21,0.0,1170.79,77,41,0.46,0
LA-K-0296,Defence,Karnataka,Belagavi,322.37,218,195,4,0.75,0.58,0.57,0.46,0.25,0.25,0.25,0.17,0.41,27,5401.93,1146.06,4255.87,5.2,11,266,32,4,-58.3,1350.48,76,41,0.46,0
LA-K-0265,State Highway,Karnataka,Hubballi,834.22,1593,1701,16,0.69,0.69,0.61,0.61,0.48,0.4,0.4,0.4,0.54,160,36902.79,14342.01,22560.78,10.2,18,132,22,2,-23.1,1932.37,75,41,0.42,0
LA-T-0667,Defence,Telangana,Hyderabad,1343.0,1173,1145,11,0.48,0.48,0.48,0.27,0.22,0.22,0.22,0.22,0.32,114,13600.1,2281.4,11318.7,4.9,13,299,20,5,-4.1,4629.09,75,41,0.37,0
LA-WB-0616,SEZ,West Bengal,Siliguri,2586.98,1381,1452,13,0.77,0.72,0.67,0.67,0.67,0.67,0.42,0.42,0.63,28,8601.38,4219.33,4382.05,19.5,22,227,58,10,9.4,1487.29,73,41,0.42,0
LA-M-0063,Airport,Maharashtra,Kolhapur,3012.7,1484,1647,17,0.59,0.59,0.59,0.53,0.49,0.4,0.39,0.39,0.5,3,11662.89,3326.37,8336.52,20.3,10,299,105,7,-48.6,4700.77,68,41,0.41,0
LA-UP-0111,Industrial Corridor,Uttar Pradesh,Kanpur,1777.8,1198,1094,14,0.99,0.9,0.9,0.78,0.76,0.58,0.57,0.5,0.75,108,28880.28,11806.94,17073.34,15.4,51,146,42,1,14.6,2798.27,68,41,0.36,0
LA-TN-0235,SEZ,Tamil Nadu,Erode,975.97,997,870,10,0.82,0.75,0.69,0.64,0.64,0.63,0.54,0.38,0.64,49,5213.04,2297.31,2915.73,18.9,5,65,24,3,-55.6,633.5,64,41,0.36,0
LA-T-0717,Metro Rail,Telangana,Nalgonda,2715.4,1986,2128,16,0.85,0.61,0.52,0.52,0.51,0.43,0.43,0.28,0.52,112,38351.87,12191.28,26160.59,10.5,34,297,134,6,8.2,2994.98,62,41,0.42,0
LA-G-0452,Railway,Gujarat,Rajkot,1862.8,1639,1786,16,0.85,0.85,0.69,0.56,0.56,0.56,0.56,0.56,0.65,234,35241.44,17021.19,18220.25,8.4,40,160,17,0,10.7,966.11,60,41,0.44,0
LA-R-0381,State Highway,Rajasthan,Kota,2984.48,1709,1662,14,0.8,0.67,0.61,0.61,0.6,0.48,0.48,0.41,0.58,125,9110.53,3108.74,6001.79,8.7,24,273,156,0,-30.4,2774.5,56,41,0.38,0
LA-R-0379,Power Transmission,Rajasthan,Kota,740.65,793,863,7,1.0,1.0,0.86,0.83,0.7,0.7,0.7,0.59,0.8,25,16241.65,10493.19,5748.46,6.6,49,277,47,7,-27.3,830.53,52,41,0.41,0
LA-UP-0119,Railway,Uttar Pradesh,Prayagraj,1025.81,525,620,6,0.94,0.82,0.72,0.56,0.45,0.45,0.31,0.31,0.57,73,11865.6,4429.01,7436.59,10.8,8,77,40,4,-5.7,761.42,50,41,0.39,0
LA-WB-0608,Railway,West Bengal,Darjeeling,931.81,818,634,5,1.0,1.0,0.75,0.75,0.69,0.69,0.69,0.5,0.76,45,14521.79,9546.36,4975.43,10.5,17,196,97,25,8.2,3179.56,49,41,0.47,0
LA-G-0481,Expressway,Gujarat,Junagadh,1129.97,1193,1151,13,0.97,0.85,0.85,0.82,0.82,0.65,0.64,0.64,0.78,24,27029.84,16388.21,10641.63,7.7,27,195,65,6,-94.1,3221.57,46,41,0.43,0
LA-TN-0201,Railway,Tamil Nadu,Madurai,116.24,159,190,3,0.67,0.59,0.34,0.34,0.34,0.34,0.17,0.17,0.37,4,2763.92,878.72,1885.2,6.6,2,272,87,25,-1.9,2001.92,78,40,0.39,0
LA-AP-0782,Metro Rail,Andhra Pradesh,Kurnool,729.83,1412,1361,15,1.0,0.95,0.82,0.67,0.67,0.67,0.66,0.66,0.76,31,18624.75,12220.82,6403.93,12.6,45,64,22,2,-39.4,3710.79,73,40,0.4,0
LA-AP-0765,Expressway,Andhra Pradesh,Nellore,1714.58,1685,1566,11,0.89,0.89,0.65,0.65,0.65,0.59,0.59,0.58,0.69,183,36602.32,15338.49,21263.83,23.1,16,82,15,0,-17.6,3880.66,71,40,0.41,0
LA-WB-0622,Smart City,West Bengal,Durgapur,1912.17,1109,1128,10,0.97,0.97,0.78,0.78,0.78,0.69,0.69,0.69,0.79,95,24018.88,13074.39,10944.49,18.4,46,196,97,11,-23.8,2767.1,69,40,0.42,0
LA-R-0389,Smart City,Rajasthan,Ajmer,1044.17,610,703,7,1.0,0.82,0.68,0.68,0.62,0.62,0.61,0.59,0.7,6,8440.22,4516.62,3923.6,15.3,24,217,57,1,-70.0,761.17,67,40,0.44,0
LA-AP-0768,Smart City,Andhra Pradesh,Nellore,441.48,281,297,3,0.82,0.68,0.58,0.58,0.5,0.44,0.44,0.44,0.56,22,6024.9,2002.35,4022.55,8.0,6,278,144,36,0.0,1001.81,67,40,0.43,0
LA-TN-0180,SEZ,Tamil Nadu,Chennai,213.04,662,624,7,0.76,0.6,0.47,0.28,0.28,0.18,0.18,0.18,0.37,28,5181.28,828.56,4352.72,7.8,1,237,77,3,-63.2,4322.68,66,40,0.47,0
LA-AP-0754,Smart City,Andhra Pradesh,Vijayawada,1227.79,940,922,8,0.98,0.82,0.63,0.6,0.58,0.58,0.53,0.46,0.65,94,7364.68,3009.13,4355.55,2.4,59,201,67,6,-5.2,3853.03,63,40,0.36,0
LA-R-0370,State Highway,Rajasthan,Kota,2327.73,1531,1503,15,1.0,0.96,0.84,0.67,0.65,0.65,0.49,0.41,0.71,132,10461.78,6763.11,3698.67,13.2,7,229,104,30,0.0,2737.82,61,40,0.37,0
LA-T-0701,Smart City,Telangana,Karimnagar,1500.86,1429,1434,14,0.89,0.89,0.89,0.83,0.81,0.75,0.67,0.53,0.78,198,33907.11,23791.71,10115.4,17.3,41,58,31,5,23.7,394.27,59,40,0.38,0
LA-M-0010,Power Transmission,Maharashtra,Nagpur,830.88,845,949,9,1.0,1.0,0.81,0.69,0.62,0.62,0.62,0.45,0.73,51,4965.33,2352.24,2613.09,3.0,59,139,50,11,-31.1,2060.74,58,40,0.45,0
LA-TN-0176,Smart City,Tamil Nadu,Chennai,2051.53,1445,1429,13,1.0,0.95,0.84,0.84,0.7,0.7,0.65,0.65,0.79,184,10510.32,6590.31,3920.01,22.5,6,208,20,1,-85.7,4554.15,54,40,0.46,0
LA-K-0255,Defence,Karnataka,Bengaluru,244.43,648,595,5,0.99,0.81,0.79,0.63,0.63,0.63,0.47,0.38,0.67,33,3424.99,2021.89,1403.1,4.7,52,134,33,2,-9.1,2166.13,54,40,0.36,0
LA-G-0424,SEZ,Gujarat,Ahmedabad,1569.35,1645,1514,13,0.65,0.6,0.49,0.49,0.4,0.32,0.32,0.32,0.45,62,15344.71,4168.14,11176.57,10.5,4,68,10,1,-52.9,762.59,53,40,0.33,0
LA-R-0338,Metro Rail,Rajasthan,Jaipur,1536.09,1556,1624,18,0.96,0.96,0.72,0.68,0.68,0.68,0.61,0.53,0.73,240,31776.79,19643.67,12133.12,2.7,25,280,128,6,-50.0,3722.64,52,40,0.39,0
LA-WB-0598,Smart City,West Bengal,Howrah,1790.55,1277,1105,13,1.0,0.8,0.66,0.66,0.66,0.5,0.5,0.5,0.66,71,6723.69,2974.57,3749.12,10.7,16,167,23,1,-8.0,2619.46,50,40,0.41,0
LA-MP-0519,Expressway,Madhya Pradesh,Jabalpur,1460.02,1028,956,9,0.93,0.9,0.61,0.59,0.59,0.59,0.54,0.35,0.64,3,21940.38,11055.02,10885.36,10.3,9,200,48,5,-96.3,1657.07,46,40,0.37,0
LA-G-0485,Railway,Gujarat,Gandhinagar,663.4,769,907,10,0.91,0.91,0.83,0.73,0.6,0.6,0.6,0.59,0.72,33,18288.43,9013.33,9275.1,7.5,20,66,12,1,-60.0,4617.76,34,40,0.45,0
LA-TN-0221,Industrial Corridor,Tamil Nadu,Tirunelveli,811.47,1047,981,10,0.7,0.53,0.53,0.47,0.47,0.21,0.21,0.15,0.41,127,23845.73,4611.72,19234.01,8.1,5,125,31,4,10.2,2650.24,89,39,0.39,0
LA-G-0427,Defence,Gujarat,Surat,2386.83,1569,1366,16,1.0,0.91,0.88,0.88,0.78,0.78,0.78,0.59,0.82,154,17461.79,11824.1,5637.69,18.9,44,112,60,10,-48.2,816.07,86,39,0.43,0
LA-MP-0518,National Highway,Madhya Pradesh,Jabalpur,2407.91,1549,1394,15,0.96,0.8,0.7,0.66,0.66,0.66,0.55,0.49,0.69,71,33867.3,16420.52,17446.78,11.7,55,260,142,38,-43.5,464.83,83,39,0.46,0
LA-M-0004,Canal/Irrigation,Maharashtra,Pune,665.0,1047,904,10,0.98,0.82,0.74,0.53,0.52,0.52,0.52,0.44,0.63,96,13540.94,6458.98,7081.96,3.7,44,57,19,2,23.5,1417.53,77,39,0.42,0
LA-UP-0081,Industrial Corridor,Uttar Pradesh,Lucknow,2033.39,1524,1753,15,0.69,0.65,0.47,0.47,0.47,0.47,0.32,0.32,0.48,208,36291.55,12065.97,24225.58,10.4,1,96,35,1,-7.5,4920.4,75,39,0.39,0
LA-R-0361,Metro Rail,Rajasthan,Udaipur,1055.89,949,1023,11,0.71,0.61,0.61,0.47,0.47,0.38,0.31,0.25,0.48,133,20309.26,7759.39,12549.87,7.5,13,120,46,12,-42.9,2993.6,75,39,0.44,0
LA-R-0415,National Highway,Rajasthan,Bhilwara,1212.16,1518,1502,14,0.91,0.77,0.7,0.55,0.55,0.55,0.46,0.41,0.61,84,23141.74,10069.86,13071.88,15.7,21,236,75,5,-17.0,4221.33,72,39,0.34,0
LA-UP-0137,Airport,Uttar Pradesh,Meerut,3258.82,2029,1803,17,0.92,0.92,0.74,0.61,0.61,0.6,0.54,0.41,0.67,209,30886.32,16812.63,14073.69,8.5,29,64,26,3,12.8,1105.41,71,39,0.42,0
LA-T-0686,Canal/Irrigation,Telangana,Nizamabad,1776.83,1160,1236,11,0.89,0.78,0.66,0.62,0.44,0.44,0.38,0.38,0.57,121,17531.82,6200.75,11331.07,12.1,17,144,37,5,13.5,1912.59,70,39,0.41,0
LA-TN-0220,Canal/Irrigation,Tamil Nadu,Tirunelveli,459.52,474,413,4,1.0,1.0,0.86,0.86,0.75,0.75,0.71,0.67,0.82,28,4512.78,3188.75,1324.03,10.1,55,91,48,11,-22.9,1335.93,68,39,0.33,0
LA-T-0672,Industrial Corridor,Telangana,Hyderabad,446.95,778,754,5,0.93,0.93,0.7,0.7,0.63,0.53,0.53,0.53,0.69,87,9067.82,4246.72,4821.1,2.0,54,258,78,11,-64.5,2737.93,59,39,0.41,0
LA-K-0304,Industrial Corridor,Karnataka,Davanagere,585.26,877,681,7,0.9,0.67,0.63,0.61,0.43,0.43,0.43,0.34,0.56,11,14147.15,6001.88,8145.27,2.9,19,88,17,4,-70.0,2451.89,58,39,0.34,0
LA-WB-0610,SEZ,West Bengal,Darjeeling,786.3,1794,1865,16,1.0,1.0,0.88,0.78,0.78,0.74,0.74,0.59,0.81,14,12229.34,6975.39,5253.95,10.3,36,285,106,25,-23.5,1057.76,58,39,0.32,0
LA-K-0324,Railway,Karnataka,Tumakuru,2390.88,1847,1729,15,0.87,0.73,0.73,0.48,0.48,0.42,0.42,0.42,0.57,153,24612.99,8681.32,15931.67,14.6,9,75,17,0,-64.5,4568.37,56,39,0.4,0
LA-WB-0645,SEZ,West Bengal,Bardhaman,2409.73,1494,1358,12,1.0,1.0,0.75,0.75,0.75,0.59,0.59,0.59,0.75,123,28939.57,16395.0,12544.57,8.6,33,146,26,1,-95.0,469.49,55,39,0.32,0
LA-WB-0606,Smart City,West Bengal,Darjeeling,307.71,328,275,4,0.79,0.75,0.7,0.54,0.44,0.44,0.44,0.4,0.56,19,2175.09,926.61,1248.48,4.1,22,208,72,6,2.8,4075.64,50,39,0.32,0
LA-TN-0241,Airport,Tamil Nadu,Vellore,1212.39,1433,1367,12,0.82,0.82,0.66,0.66,0.63,0.63,0.63,0.46,0.66,99,7192.78,4072.74,3120.04,2.2,16,147,27,5,-22.7,4175.13,45,39,0.31,0
LA-AP-0753,National Highway,Andhra Pradesh,Vijayawada,1280.28,686,701,5,1.0,1.0,0.95,0.83,0.8,0.68,0.68,0.68,0.83,44,9590.2,6422.78,3167.42,20.6,7,293,62,4,-55.0,2166.31,39,39,0.36,0
LA-WB-0631,Power Transmission,West Bengal,Asansol,713.1,426,400,5,0.55,0.55,0.35,0.35,0.34,0.34,0.2,0.12,0.35,29,6164.41,1637.17,4527.24,6.0,14,95,44,9,-22.4,273.05,85,38,0.37,0
LA-K-0288,State Highway,Karnataka,Belagavi,1271.3,1774,1619,11,0.86,0.83,0.71,0.71,0.63,0.63,0.63,0.59,0.7,178,42955.44,26234.45,16720.99,16.7,28,50,21,4,-78.6,2916.18,83,38,0.41,0
LA-UP-0131,Smart City,Uttar Pradesh,Meerut,305.48,436,483,6,1.0,1.0,0.84,0.73,0.64,0.64,0.59,0.49,0.74,36,10848.92,6341.77,4507.15,9.5,56,291,106,10,-34.4,1239.67,79,38,0.4,0
LA-AP-0796,Defence,Andhra Pradesh,Tirupati,2492.55,1637,1608,17,0.59,0.59,0.55,0.48,0.38,0.38,0.34,0.34,0.46,112,25002.11,7707.66,17294.45,6.5,26,155,76,16,-22.6,4882.68,74,38,0.41,0
LA-M-0054,Smart City,Maharashtra,Solapur,734.61,1694,1681,17,1.0,0.88,0.77,0.77,0.77,0.72,0.64,0.64,0.77,248,16186.34,11464.03,4722.31,2.6,50,124,66,12,-50.0,3689.33,73,38,0.44,0
LA-T-0678,Power Transmission,Telangana,Warangal,930.78,399,505,5,0.75,0.63,0.63,0.54,0.5,0.41,0.41,0.34,0.53,6,5612.1,1795.75,3816.35,7.9,26,280,62,12,-21.3,2513.32,68,38,0.31,0
LA-WB-0588,Defence,West Bengal,Howrah,910.48,1711,1693,15,1.0,1.0,0.9,0.9,0.86,0.82,0.72,0.72,0.86,0,22011.09,15334.48,6676.61,7.6,60,93,8,1,-89.3,494.09,67,38,0.37,0
LA-R-0413,Industrial Corridor,Rajasthan,Bhilwara,194.5,386,511,4,0.86,0.86,0.84,0.61,0.61,0.59,0.57,0.55,0.69,64,5798.06,2472.05,3326.01,13.6,36,204,111,25,-2.1,1940.42,65,38,0.35,0
LA-AP-0805,Defence,Andhra Pradesh,Kakinada,898.82,498,535,4,0.84,0.76,0.76,0.64,0.64,0.5,0.41,0.41,0.62,3,11564.99,5712.18,5852.81,13.3,10,184,100,9,26.7,822.51,65,38,0.33,0
LA-UP-0109,Railway,Uttar Pradesh,Kanpur,828.37,501,588,5,0.84,0.84,0.75,0.75,0.75,0.74,0.63,0.56,0.73,6,9737.02,5620.56,4116.46,15.4,18,173,58,3,-19.4,574.91,63,38,0.43,0
LA-MP-0571,SEZ,Madhya Pradesh,Satna,2745.89,1754,1821,16,1.0,1.0,0.86,0.86,0.8,0.7,0.7,0.62,0.82,29,33243.66,22078.48,11165.18,20.1,35,257,58,15,-37.8,712.53,61,38,0.32,0
LA-TN-0184,Airport,Tamil Nadu,Coimbatore,1070.9,492,571,4,0.96,0.96,0.87,0.79,0.79,0.75,0.75,0.65,0.81,16,8435.01,4796.96,3638.05,18.3,53,71,12,0,-42.9,3284.55,59,38,0.31,0
LA-TN-0214,Airport,Tamil Nadu,Tiruchirappalli,1306.99,1490,1651,12,0.63,0.63,0.63,0.54,0.54,0.49,0.39,0.39,0.53,218,24500.64,11729.06,12771.58,12.4,2,197,106,23,27.3,4129.99,59,38,0.32,0
LA-K-0276,Smart City,Karnataka,Mangaluru,751.76,733,855,9,1.0,1.0,0.89,0.89,0.84,0.63,0.62,0.58,0.81,109,7831.12,4916.69,2914.43,15.4,0,281,135,28,17.0,2986.04,56,38,0.39,0
LA-WB-0662,National Highway,West Bengal,Malda,475.6,1019,844,9,0.79,0.7,0.7,0.58,0.58,0.48,0.43,0.35,0.58,7,20204.76,9173.71,11031.05,6.9,17,95,13,1,0.0,1189.44,54,38,0.43,0
LA-TN-0179,Canal/Irrigation,Tamil Nadu,Chennai,395.76,573,622,7,0.64,0.64,0.45,0.45,0.45,0.43,0.26,0.23,0.44,40,3912.55,1490.31,2422.24,5.6,7,221,40,9,-94.7,4262.54,49,38,0.32,0
LA-T-0722,SEZ,Telangana,Nalgonda,2438.4,1769,1788,17,0.9,0.8,0.67,0.67,0.59,0.59,0.51,0.32,0.63,7,35747.89,17566.92,18180.97,2.2,46,225,126,25,-14.6,3349.5,45,38,0.37,0
LA-AP-0751,Airport,Andhra Pradesh,Vijayawada,370.31,512,448,4,0.92,0.92,0.92,0.73,0.73,0.66,0.54,0.54,0.74,62,6344.71,3057.89,3286.82,6.2,17,224,72,5,10.5,2698.09,45,38,0.41,0
LA-TN-0171,State Highway,Tamil Nadu,Chennai,361.49,881,989,8,1.0,0.94,0.76,0.63,0.63,0.6,0.6,0.48,0.7,67,20651.05,11899.83,8751.22,4.4,27,122,9,1,2.4,4621.98,42,38,0.35,0
LA-AP-0749,Metro Rail,Andhra Pradesh,Vijayawada,968.58,877,764,9,1.0,1.0,0.78,0.78,0.76,0.61,0.61,0.58,0.77,12,9094.9,5204.08,3890.82,3.8,43,188,113,0,-96.0,2679.34,41,38,0.43,0
LA-WB-0594,Expressway,West Bengal,Howrah,491.42,431,519,5,0.89,0.73,0.73,0.55,0.55,0.43,0.43,0.43,0.59,36,9452.27,4034.54,5417.73,4.4,0,127,39,3,-31.0,2035.35,38,38,0.43,0
LA-UP-0096,Power Transmission,Uttar Pradesh,Varanasi,2164.66,1170,1119,11,1.0,0.71,0.71,0.65,0.48,0.47,0.43,0.4,0.61,32,20481.37,9193.31,11288.06,7.3,42,178,98,10,3.1,3590.47,82,37,0.3,0
LA-UP-0089,Power Transmission,Uttar Pradesh,Agra,528.33,1275,1193,10,1.0,0.98,0.93,0.83,0.74,0.74,0.57,0.57,0.79,100,21129.2,15525.78,5603.42,23.4,30,118,42,4,-43.2,4670.42,75,37,0.3,0
LA-K-0292,Metro Rail,Karnataka,Belagavi,2212.3,1434,1363,14,0.79,0.47,0.42,0.33,0.33,0.24,0.24,0.13,0.37,33,18052.17,3064.27,14987.9,3.5,12,232,79,6,-44.9,2767.58,74,37,0.33,0
LA-AP-0804,National Highway,Andhra Pradesh,Kakinada,1804.2,1878,1858,18,0.86,0.73,0.69,0.56,0.56,0.56,0.55,0.55,0.63,216,14545.67,6705.2,7840.47,22.2,0,157,59,3,14.3,4051.75,73,37,0.39,0
LA-WB-0621,Smart City,West Bengal,Durgapur,385.87,1076,875,8,1.0,1.0,0.96,0.78,0.78,0.74,0.63,0.58,0.81,127,10077.6,5688.23,4389.37,9.3,45,154,19,2,-9.1,2686.33,71,37,0.44,0
LA-M-0071,Metro Rail,Maharashtra,Amravati,471.41,264,281,3,1.0,0.93,0.93,0.79,0.68,0.68,0.53,0.53,0.76,38,3259.33,2083.78,1175.55,14.5,23,261,58,2,-41.7,1310.85,68,37,0.38,0
LA-K-0317,SEZ,Karnataka,Ballari,1930.24,1536,1807,18,0.92,0.64,0.55,0.55,0.47,0.47,0.33,0.31,0.53,30,34980.77,14878.99,20101.78,10.2,3,237,105,2,18.4,973.89,64,37,0.38,0
LA-G-0482,Defence,Gujarat,Junagadh,332.9,236,229,4,0.87,0.87,0.74,0.74,0.67,0.67,0.55,0.48,0.7,24,1562.56,1008.55,554.01,4.3,28,286,29,1,-41.2,2155.69,62,37,0.37,0
LA-K-0307,Smart City,Karnataka,Ballari,1258.88,930,1047,8,1.0,0.96,0.89,0.82,0.78,0.72,0.72,0.62,0.81,28,17952.29,11509.39,6442.9,13.6,9,289,143,13,-27.9,4306.44,53,37,0.4,0
LA-AP-0793,Airport,Andhra Pradesh,Tirupati,438.96,591,745,7,1.0,0.88,0.88,0.88,0.68,0.68,0.68,0.68,0.8,33,8823.17,4999.6,3823.57,10.3,59,226,70,0,-58.3,4205.98,53,37,0.4,0
LA-G-0480,Smart City,Gujarat,Junagadh,2381.04,1464,1853,17,1.0,0.98,0.89,0.74,0.73,0.73,0.7,0.63,0.8,209,15524.77,9458.0,6066.77,3.2,58,163,92,27,-15.8,4060.54,52,37,0.44,0
LA-MP-0498,National Highway,Madhya Pradesh,Bhopal,2280.27,2114,1996,17,0.96,0.95,0.86,0.85,0.65,0.55,0.55,0.55,0.74,34,39208.49,17884.02,21324.47,2.9,58,71,7,2,22.2,4870.82,47,37,0.4,0
LA-WB-0626,Industrial Corridor,West Bengal,Durgapur,1130.68,1712,1632,16,0.97,0.87,0.87,0.87,0.7,0.64,0.64,0.64,0.78,236,11895.43,6717.7,5177.73,3.7,8,288,53,3,9.3,3683.06,45,37,0.44,0
LA-G-0468,Power Transmission,Gujarat,Bhavnagar,1235.43,1766,1555,15,1.0,0.84,0.81,0.79,0.78,0.74,0.64,0.51,0.76,206,11433.5,7496.99,3936.51,8.6,6,297,167,13,-65.1,3208.11,42,37,0.4,0
LA-TN-0172,Metro Rail,Tamil Nadu,Chennai,790.47,2031,1909,18,1.0,0.97,0.85,0.85,0.85,0.66,0.66,0.66,0.81,84,29120.16,15614.77,13505.39,4.5,27,231,13,1,-96.2,2762.44,41,37,0.42,0
LA-AP-0809,State Highway,Andhra Pradesh,Rajahmundry,2188.42,1160,1300,14,1.0,0.9,0.88,0.73,0.7,0.7,0.7,0.67,0.79,99,12865.74,8749.97,4115.77,7.0,16,200,31,0,-57.7,827.96,38,37,0.29,0
LA-K-0315,Railway,Karnataka,Ballari,444.35,331,380,3,1.0,0.88,0.79,0.79,0.79,0.72,0.72,0.53,0.78,52,5222.93,3366.59,1856.34,18.1,33,291,24,4,-9.4,4670.66,83,36,0.38,0
LA-T-0724,Airport,Telangana,Nalgonda,739.03,1335,1496,16,0.75,0.68,0.51,0.51,0.48,0.48,0.32,0.32,0.51,150,20326.32,9067.29,11259.03,7.7,20,121,19,5,-26.5,4804.08,79,36,0.41,0
LA-K-0266,Industrial Corridor,Karnataka,Hubballi,322.4,565,509,3,1.0,0.82,0.71,0.71,0.67,0.6,0.6,0.58,0.71,8,7995.99,3434.17,4561.82,9.4,43,76,33,6,3.5,1800.9,75,36,0.42,0
LA-UP-0095,National Highway,Uttar Pradesh,Varanasi,548.08,391,533,5,0.98,0.72,0.72,0.71,0.71,0.69,0.65,0.44,0.7,78,6776.81,3533.09,3243.72,14.5,22,50,20,3,-17.6,4150.79,74,36,0.34,0
LA-UP-0149,Power Transmission,Uttar Pradesh,Ghaziabad,580.51,702,695,5,1.0,0.9,0.83,0.79,0.72,0.71,0.59,0.48,0.75,49,9873.42,5538.36,4335.06,20.8,29,51,8,0,-25.8,2804.78,69,36,0.31,0
LA-G-0484,Railway,Gujarat,Gandhinagar,923.4,1637,1756,15,1.0,0.86,0.86,0.86,0.66,0.66,0.66,0.61,0.77,130,16682.02,10114.45,6567.57,7.0,59,279,160,1,0.0,1828.62,67,36,0.32,0
LA-G-0497,Expressway,Gujarat,Gandhinagar,545.29,249,275,5,1.0,1.0,0.83,0.76,0.76,0.76,0.72,0.72,0.82,28,2278.62,1483.05,795.57,9.0,37,116,61,18,-95.2,162.71,65,36,0.42,0
LA-G-0470,SEZ,Gujarat,Jamnagar,1850.14,1008,1025,13,0.98,0.97,0.78,0.71,0.71,0.71,0.51,0.51,0.73,43,14109.86,7353.39,6756.47,3.2,56,126,63,17,-23.9,3501.88,51,36,0.42,0
LA-MP-0539,Railway,Madhya Pradesh,Ujjain,683.15,1899,1869,18,1.0,0.91,0.91,0.82,0.68,0.68,0.56,0.56,0.77,97,14846.81,9825.53,5021.28,17.0,36,123,47,11,-15.9,856.31,79,35,0.27,0
LA-WB-0652,Power Transmission,West Bengal,Bardhaman,1310.21,673,840,8,1.0,0.79,0.79,0.63,0.63,0.63,0.63,0.51,0.7,58,4595.65,2033.58,2562.07,12.3,30,180,44,1,-43.2,548.51,76,35,0.41,0
LA-T-0698,Railway,Telangana,Karimnagar,329.24,231,280,3,0.93,0.93,0.71,0.71,0.62,0.62,0.59,0.55,0.71,12,3151.82,1425.62,1726.2,10.6,33,218,112,23,-96.4,4471.08,72,35,0.33,0
LA-T-0733,Defence,Telangana,Adilabad,754.62,1302,1154,10,1.0,1.0,0.77,0.77,0.7,0.7,0.62,0.62,0.77,11,19945.79,9773.4,10172.39,14.2,41,261,127,6,-96.0,1756.3,72,35,0.33,0
LA-R-0393,Metro Rail,Rajasthan,Bikaner,1829.04,1852,1913,17,0.87,0.68,0.68,0.57,0.57,0.44,0.44,0.4,0.58,15,40348.87,16572.87,23776.0,5.3,12,161,75,9,-87.5,3861.82,59,35,0.4,0
LA-K-0300,Defence,Karnataka,Davanagere,343.53,298,386,5,1.0,0.84,0.81,0.61,0.61,0.61,0.57,0.56,0.7,18,6296.13,3195.49,3100.64,2.4,55,83,29,3,-31.5,2814.58,58,35,0.39,0
LA-MP-0553,State Highway,Madhya Pradesh,Sagar,2409.67,1678,1824,16,0.79,0.78,0.52,0.52,0.41,0.3,0.28,0.28,0.48,176,11022.79,3000.55,8022.24,5.2,1,225,56,13,-1.7,4745.42,57,35,0.28,0
LA-M-0025,National Highway,Maharashtra,Nashik,2824.7,1854,1864,18,0.9,0.81,0.81,0.77,0.77,0.69,0.66,0.51,0.74,272,39260.62,22376.15,16884.47,21.6,11,96,48,13,-30.2,4876.11,56,35,0.34,0
LA-WB-0611,Airport,West Bengal,Darjeeling,755.24,1723,1811,18,1.0,0.86,0.84,0.81,0.73,0.73,0.64,0.64,0.78,170,20185.5,12739.04,7446.46,24.6,12,292,149,35,-8.8,2840.02,56,35,0.27,0
LA-M-0047,Railway,Maharashtra,Solapur,1055.51,745,800,9,0.95,0.95,0.86,0.86,0.72,0.72,0.71,0.63,0.8,20,8305.04,5066.09,3238.95,7.6,34,88,10,2,-94.1,1363.73,55,35,0.29,0
LA-K-0309,SEZ,Karnataka,Ballari,513.91,1105,1333,12,0.81,0.81,0.75,0.73,0.7,0.65,0.63,0.56,0.71,23,11119.78,6536.68,4583.1,14.0,11,243,36,6,21.9,2343.59,50,35,0.39,0
LA-R-0360,Power Transmission,Rajasthan,Udaipur,1245.94,646,631,4,1.0,0.9,0.9,0.9,0.81,0.76,0.52,0.52,0.79,52,4161.57,3061.61,1099.96,14.6,6,64,15,0,-50.0,392.86,39,35,0.35,0
LA-T-0684,Canal/Irrigation,Telangana,Nizamabad,574.98,395,308,3,1.0,1.0,0.9,0.9,0.84,0.84,0.72,0.58,0.85,15,4256.87,2795.97,1460.9,13.2,28,265,150,2,-54.5,1738.5,39,35,0.37,0
LA-WB-0601,Smart City,West Bengal,Darjeeling,1713.66,1562,1678,18,1.0,1.0,0.83,0.8,0.8,0.63,0.57,0.57,0.78,232,32104.7,14775.69,17329.01,19.7,4,113,25,2,-15.5,292.09,76,34,0.33,0
LA-T-0735,SEZ,Telangana,Adilabad,3151.75,1624,1645,16,0.67,0.63,0.63,0.57,0.56,0.4,0.38,0.26,0.51,96,9129.64,3473.49,5656.15,4.5,11,222,95,8,-81.0,2721.01,71,34,0.3,0
LA-WB-0642,Power Transmission,West Bengal,Asansol,1565.05,1140,1096,11,0.99,0.88,0.88,0.67,0.67,0.63,0.63,0.63,0.75,84,6968.65,3236.87,3731.78,21.1,7,131,50,12,22.2,4484.2,68,34,0.4,0
LA-TN-0211,Expressway,Tamil Nadu,Tiruchirappalli,126.99,178,269,4,0.77,0.77,0.63,0.63,0.63,0.53,0.51,0.5,0.62,4,3088.7,1461.78,1626.92,5.3,3,217,106,6,-39.1,2054.78,58,34,0.42,0
LA-M-0027,SEZ,Maharashtra,Aurangabad,2529.28,2020,1887,15,0.74,0.68,0.68,0.56,0.56,0.49,0.44,0.42,0.57,191,17532.65,6979.79,10552.86,12.9,10,162,62,9,-86.7,4523.19,56,34,0.38,0
LA-MP-0554,Railway,Madhya Pradesh,Sagar,367.3,463,370,4,0.96,0.74,0.69,0.47,0.47,0.47,0.41,0.31,0.56,27,5406.83,2140.71,3266.12,3.2,34,279,107,4,-65.5,1430.92,55,34,0.42,0
LA-AP-0761,Metro Rail,Andhra Pradesh,Guntur,2937.74,1835,1964,17,0.99,0.96,0.87,0.68,0.68,0.62,0.6,0.6,0.75,116,42290.78,18631.9,23658.88,2.2,54,90,18,1,-95.8,4434.13,50,34,0.28,0
LA-K-0273,Power Transmission,Karnataka,Mangaluru,398.08,427,525,7,1.0,1.0,0.91,0.77,0.77,0.77,0.71,0.71,0.83,35,7423.17,5232.29,2190.88,4.5,18,142,38,5,-36.4,1203.31,49,34,0.4,0
LA-G-0477,Airport,Gujarat,Junagadh,1484.32,1997,1830,17,1.0,0.77,0.76,0.76,0.69,0.53,0.49,0.44,0.68,65,35773.29,14144.88,21628.41,4.3,28,170,27,3,-47.4,3365.75,46,34,0.33,0
LA-K-0329,Smart City,Karnataka,Tumakuru,560.88,1427,1610,15,0.97,0.97,0.97,0.94,0.89,0.68,0.68,0.68,0.85,133,25133.28,15475.54,9657.74,13.0,16,272,111,0,-64.5,4720.64,40,34,0.27,0
LA-TN-0183,State Highway,Tamil Nadu,Coimbatore,2912.56,2137,2189,18,0.83,0.83,0.83,0.83,0.78,0.68,0.49,0.49,0.72,317,24054.42,14982.36,9072.06,17.6,8,111,26,1,-45.5,3795.75,73,33,0.4,0
LA-WB-0653,Airport,West Bengal,Bardhaman,1756.91,1073,1018,10,1.0,1.0,0.87,0.86,0.75,0.72,0.63,0.63,0.81,111,16427.9,11459.18,4968.72,13.4,16,258,118,2,8.5,3950.42,69,33,0.29,0
LA-M-0014,Metro Rail,Maharashtra,Nagpur,1131.58,1611,1552,13,0.84,0.84,0.78,0.68,0.68,0.59,0.59,0.44,0.68,219,28994.6,12172.39,16822.21,11.3,24,148,28,2,-96.0,1199.11,67,33,0.25,0
LA-TN-0185,Industrial Corridor,Tamil Nadu,Coimbatore,2795.49,1781,1772,15,0.75,0.75,0.71,0.59,0.57,0.55,0.49,0.49,0.61,113,24272.52,12180.16,12092.36,2.1,36,99,17,5,-32.0,1799.52,62,33,0.32,0
LA-T-0675,Canal/Irrigation,Telangana,Warangal,1523.08,1094,1326,14,0.96,0.77,0.69,0.69,0.66,0.56,0.45,0.45,0.65,141,18070.45,10080.9,7989.55,6.7,7,96,38,3,-70.4,2252.04,55,33,0.3,0
LA-G-0496,National Highway,Gujarat,Gandhinagar,1638.68,1386,1502,16,0.97,0.96,0.84,0.73,0.7,0.67,0.57,0.57,0.75,71,14448.69,8350.04,6098.65,19.7,10,197,60,16,-32.7,3046.16,47,33,0.4,0
LA-AP-0789,Industrial Corridor,Andhra Pradesh,Kurnool,854.45,610,760,9,0.88,0.88,0.74,0.72,0.69,0.58,0.58,0.47,0.69,22,12496.32,6557.09,5939.23,23.4,0,131,24,0,-8.8,1975.98,73,32,0.27,0
LA-UP-0077,Canal/Irrigation,Uttar Pradesh,Lucknow,1295.73,1310,1562,17,1.0,0.76,0.76,0.76,0.76,0.63,0.63,0.56,0.73,25,30007.54,17421.13,12586.41,2.9,58,110,63,6,-94.4,2087.14,72,32,0.29,0
LA-TN-0193,Power Transmission,Tamil Nadu,Coimbatore,3231.72,2183,2102,18,1.0,1.0,0.93,0.89,0.64,0.64,0.64,0.64,0.8,281,20427.09,10886.11,9540.98,8.7,44,176,99,4,-14.8,4379.13,70,32,0.26,0
LA-M-0006,Expressway,Maharashtra,Pune,617.7,253,360,5,0.87,0.87,0.71,0.65,0.62,0.62,0.62,0.57,0.69,8,4443.94,2661.97,1781.97,16.9,19,199,78,20,-95.7,4580.52,69,32,0.3,0
LA-G-0469,Airport,Gujarat,Jamnagar,473.08,599,835,9,1.0,1.0,1.0,0.82,0.8,0.69,0.69,0.69,0.84,76,8520.16,4994.54,3525.62,10.0,40,237,55,11,-6.7,4220.44,66,32,0.34,0
LA-M-0021,Canal/Irrigation,Maharashtra,Nashik,800.61,719,735,13,1.0,0.91,0.89,0.77,0.65,0.65,0.65,0.47,0.75,17,13134.05,6384.74,6749.31,10.2,28,183,41,9,-23.7,4203.21,65,32,0.36,0
LA-UP-0128,Metro Rail,Uttar Pradesh,Prayagraj,2479.3,1437,1340,14,1.0,0.97,0.91,0.8,0.66,0.61,0.61,0.61,0.77,108,35377.58,18355.81,17021.77,11.7,5,74,26,7,-18.6,2762.86,50,32,0.37,0
LA-K-0260,Expressway,Karnataka,Mysuru,395.73,499,569,5,0.81,0.81,0.73,0.63,0.63,0.63,0.6,0.53,0.67,36,6527.37,2993.22,3534.15,10.9,28,180,15,4,-46.8,1791.41,46,32,0.27,0
LA-WB-0650,SEZ,West Bengal,Bardhaman,701.0,498,525,7,0.99,0.99,0.95,0.79,0.79,0.65,0.65,0.62,0.8,14,5537.5,2667.37,2870.13,7.4,56,99,45,5,-76.5,3852.45,72,31,0.3,0
LA-WB-0613,Canal/Irrigation,West Bengal,Siliguri,576.69,336,442,5,0.94,0.87,0.87,0.85,0.65,0.63,0.63,0.52,0.74,19,3570.05,2185.74,1384.31,2.6,46,149,43,6,31.0,817.74,68,31,0.35,0
LA-AP-0757,Airport,Andhra Pradesh,Vijayawada,779.76,615,561,6,1.0,1.0,0.99,0.78,0.78,0.66,0.64,0.64,0.81,19,13358.25,8333.7,5024.55,21.1,12,118,11,1,-50.0,810.69,68,31,0.25,0
LA-MP-0561,Canal/Irrigation,Madhya Pradesh,Rewa,678.73,751,646,8,1.0,0.96,0.88,0.8,0.8,0.8,0.59,0.59,0.8,24,5848.04,4254.99,1593.05,24.6,15,139,22,3,-7.5,1293.51,65,31,0.35,0
LA-UP-0078,National Highway,Uttar Pradesh,Lucknow,752.81,351,512,6,1.0,1.0,0.89,0.76,0.76,0.76,0.67,0.67,0.81,70,5333.08,3971.04,1362.04,4.5,46,170,44,3,5.3,2182.57,55,31,0.25,0
LA-M-0033,Power Transmission,Maharashtra,Thane,2681.96,1451,1535,16,0.81,0.81,0.63,0.63,0.63,0.56,0.53,0.46,0.63,194,35828.46,14783.79,21044.67,4.5,8,202,28,6,-94.1,1401.22,53,31,0.28,0
LA-G-0451,Industrial Corridor,Gujarat,Rajkot,740.21,1677,1789,16,1.0,1.0,0.97,0.91,0.89,0.64,0.64,0.54,0.82,194,21182.75,12113.01,9069.74,8.2,36,68,5,1,-28.9,3585.29,52,31,0.35,0
LA-AP-0797,Canal/Irrigation,Andhra Pradesh,Tirupati,2990.83,1811,1827,18,0.97,0.95,0.78,0.73,0.73,0.73,0.73,0.68,0.79,138,39001.34,24998.4,14002.94,4.9,9,138,24,0,-94.4,3067.1,48,31,0.38,0
LA-R-0337,Defence,Rajasthan,Jaipur,1099.13,1355,1268,13,1.0,0.92,0.71,0.58,0.58,0.54,0.45,0.45,0.65,39,23290.09,9586.57,13703.52,9.4,11,213,60,1,-23.3,2351.1,42,31,0.36,0
LA-T-0668,National Highway,Telangana,Hyderabad,2409.87,1532,1808,15,1.0,0.82,0.82,0.69,0.69,0.69,0.68,0.51,0.74,108,11389.21,6225.23,5163.98,13.7,6,93,43,10,-3.7,3045.95,37,31,0.26,0
LA-R-0350,National Highway,Rajasthan,Jodhpur,776.25,1980,1783,16,1.0,0.82,0.8,0.8,0.8,0.66,0.66,0.66,0.78,53,42178.79,23496.61,18682.18,10.4,41,188,71,16,10.5,2903.85,64,30,0.3,0
LA-TN-0223,Smart City,Tamil Nadu,Erode,2022.46,1653,1681,14,1.0,1.0,0.87,0.87,0.79,0.76,0.76,0.7,0.84,206,21569.13,13653.11,7916.02,10.7,0,80,35,7,-46.9,4256.33,56,30,0.23,0
LA-WB-0605,Canal/Irrigation,West Bengal,Darjeeling,2266.91,1651,1559,13,1.0,0.92,0.92,0.82,0.82,0.8,0.62,0.62,0.81,77,16207.56,11518.96,4688.6,12.2,8,162,55,13,-5.1,3050.32,55,30,0.36,0
LA-K-0327,Industrial Corridor,Karnataka,Tumakuru,2988.18,1577,1589,15,1.0,0.84,0.67,0.67,0.67,0.61,0.51,0.4,0.67,41,13967.36,7065.53,6901.83,4.8,44,267,136,9,-88.5,1807.92,52,30,0.35,0
LA-K-0330,Canal/Irrigation,Karnataka,Tumakuru,2074.99,1000,1122,12,0.9,0.84,0.72,0.5,0.5,0.5,0.47,0.41,0.6,83,8859.54,3633.75,5225.79,10.9,7,59,10,1,26.3,2332.29,51,30,0.23,0
LA-G-0422,Railway,Gujarat,Ahmedabad,280.68,153,145,5,0.98,0.98,0.82,0.71,0.66,0.66,0.66,0.66,0.77,13,2798.27,1822.56,975.71,12.0,13,186,43,9,-41.4,3187.16,41,30,0.33,0
LA-K-0293,Expressway,Karnataka,Belagavi,2502.42,1243,1541,13,1.0,0.88,0.7,0.7,0.7,0.62,0.59,0.53,0.71,133,26510.61,15022.83,11487.78,3.2,10,167,42,7,11.5,3204.56,35,30,0.27,0
LA-K-0306,National Highway,Karnataka,Ballari,1183.35,1512,1568,12,0.98,0.98,0.83,0.75,0.73,0.69,0.63,0.63,0.78,23,31975.12,18710.38,13264.74,14.6,30,292,88,25,8.7,2371.69,65,29,0.24,0
LA-R-0410,State Highway,Rajasthan,Bhilwara,1376.89,950,817,8,0.94,0.94,0.94,0.9,0.82,0.72,0.63,0.57,0.81,89,11634.83,6410.67,5224.16,10.5,32,240,95,28,-78.9,3276.9,60,29,0.34,0
LA-TN-0173,Power Transmission,Tamil Nadu,Chennai,142.32,211,292,4,0.97,0.95,0.8,0.76,0.75,0.75,0.62,0.62,0.78,22,2735.17,1459.99,1275.18,7.1,25,272,61,6,-61.7,3496.5,37,29,0.27,0
LA-R-0373,National Highway,Rajasthan,Kota,1932.89,1033,1072,8,0.97,0.97,0.89,0.88,0.8,0.78,0.67,0.59,0.82,30,25376.2,19497.72,5878.48,3.6,12,252,66,17,-2.0,4865.44,26,29,0.21,0
LA-M-0017,Airport,Maharashtra,Nagpur,403.51,1099,1067,12,0.95,0.95,0.76,0.76,0.76,0.76,0.6,0.56,0.76,81,11457.25,6273.76,5183.49,10.6,32,102,32,3,-58.3,1195.79,64,28,0.24,0
LA-R-0399,Canal/Irrigation,Rajasthan,Bikaner,1187.51,1150,1334,11,1.0,1.0,0.89,0.78,0.78,0.72,0.72,0.7,0.82,71,14844.44,9682.23,5162.21,9.0,45,248,73,10,-45.6,4645.15,52,28,0.27,0
LA-UP-0098,Expressway,Uttar Pradesh,Varanasi,2328.53,1705,1564,15,0.74,0.71,0.71,0.67,0.65,0.59,0.4,0.38,0.61,33,16253.33,7908.64,8344.69,13.7,2,103,7,0,-63.6,575.35,51,28,0.21,0
LA-MP-0576,Canal/Irrigation,Madhya Pradesh,Satna,2447.41,1497,1669,16,1.0,0.92,0.86,0.77,0.77,0.77,0.61,0.61,0.79,47,31834.45,18851.99,12982.46,15.7,21,286,17,5,-28.6,2284.71,41,28,0.29,0
LA-M-0051,Airport,Maharashtra,Solapur,1707.33,946,931,7,1.0,1.0,0.86,0.86,0.72,0.72,0.61,0.61,0.8,97,9836.74,5326.43,4510.31,5.2,29,244,76,10,-7.7,1132.98,40,28,0.22,0
LA-T-0736,Defence,Telangana,Adilabad,1252.37,1023,954,12,0.95,0.9,0.9,0.8,0.8,0.71,0.52,0.45,0.75,83,23980.25,14981.91,8998.34,5.4,33,118,35,6,-50.0,1694.33,38,28,0.33,0
LA-MP-0529,Metro Rail,Madhya Pradesh,Gwalior,417.07,652,674,7,1.0,0.77,0.77,0.64,0.63,0.53,0.53,0.38,0.66,0,9593.03,3680.84,5912.19,8.2,6,294,92,24,26.7,4932.64,33,28,0.25,0
LA-UP-0104,Canal/Irrigation,Uttar Pradesh,Kanpur,329.15,355,445,4,0.98,0.91,0.91,0.78,0.69,0.69,0.58,0.58,0.77,29,5569.08,3055.5,2513.58,13.2,5,85,18,2,-85.7,320.96,60,27,0.31,0
LA-R-0334,Canal/Irrigation,Rajasthan,Jaipur,1779.64,1133,951,11,1.0,0.83,0.62,0.55,0.55,0.53,0.53,0.5,0.64,7,19935.58,9265.48,10670.1,6.3,11,247,63,14,25.0,2389.44,55,27,0.31,0
LA-UP-0113,SEZ,Uttar Pradesh,Kanpur,748.27,588,542,6,0.96,0.87,0.83,0.82,0.69,0.62,0.53,0.53,0.73,21,12264.73,5873.58,6391.15,8.3,18,264,92,2,53.3,2667.94,52,27,0.19,0
LA-T-0700,Industrial Corridor,Telangana,Karimnagar,1352.72,1611,1432,11,1.0,0.94,0.81,0.81,0.81,0.69,0.63,0.57,0.78,119,24522.09,15170.81,9351.28,2.8,15,121,33,3,13.3,3205.49,43,27,0.29,0
LA-M-0034,Power Transmission,Maharashtra,Thane,1091.23,699,651,6,0.98,0.84,0.75,0.75,0.65,0.51,0.51,0.46,0.68,39,11778.59,5862.65,5915.94,3.5,19,152,24,1,-5.9,2164.17,40,27,0.28,0
LA-M-0007,National Highway,Maharashtra,Pune,369.63,448,531,4,0.99,0.83,0.83,0.83,0.7,0.7,0.49,0.49,0.73,16,2373.15,1551.37,821.78,7.5,20,268,65,17,7.3,2109.15,32,27,0.21,0
LA-K-0284,Railway,Karnataka,Mangaluru,2741.08,1329,1472,18,1.0,0.96,0.86,0.85,0.84,0.75,0.67,0.67,0.82,117,15376.38,11337.52,4038.86,6.9,32,62,23,1,-78.3,2909.14,64,26,0.3,0
LA-G-0421,Industrial Corridor,Gujarat,Ahmedabad,483.48,1428,1569,12,1.0,0.89,0.89,0.78,0.63,0.63,0.63,0.58,0.75,138,28960.54,13844.63,15115.91,12.8,8,219,56,13,-46.4,1416.25,64,26,0.21,0
LA-WB-0590,Railway,West Bengal,Howrah,2761.71,1405,1517,14,1.0,0.92,0.8,0.67,0.67,0.67,0.58,0.58,0.74,125,19424.89,10972.43,8452.46,8.2,7,261,143,28,0.0,540.45,51,26,0.32,0
LA-UP-0082,Power Transmission,Uttar Pradesh,Lucknow,1035.65,1453,1321,9,1.0,0.9,0.81,0.81,0.81,0.71,0.71,0.71,0.81,37,19070.07,12565.96,6504.11,14.5,9,220,29,6,15.4,1966.58,45,26,0.31,0
LA-R-0353,Expressway,Rajasthan,Jodhpur,996.19,951,883,7,0.95,0.95,0.88,0.75,0.75,0.75,0.7,0.55,0.79,40,12772.98,9084.72,3688.26,9.1,10,283,49,11,-96.4,3650.89,37,26,0.25,0
LA-G-0479,National Highway,Gujarat,Junagadh,1001.16,1622,1717,17,1.0,1.0,0.78,0.68,0.64,0.64,0.64,0.63,0.75,175,30173.99,13758.72,16415.27,12.9,4,279,55,5,-57.4,1918.54,58,25,0.23,0
LA-UP-0140,Railway,Uttar Pradesh,Meerut,1513.27,832,880,8,0.87,0.87,0.84,0.81,0.63,0.63,0.53,0.53,0.71,55,9240.35,5256.97,3983.38,5.9,24,174,23,5,-9.7,1070.74,48,25,0.27,0
LA-TN-0175,State Highway,Tamil Nadu,Chennai,1138.06,1188,1218,9,1.0,1.0,0.84,0.84,0.8,0.74,0.74,0.66,0.83,1,25104.5,15977.41,9127.09,9.5,25,128,21,5,-25.0,2008.33,46,25,0.29,0
LA-UP-0080,SEZ,Uttar Pradesh,Lucknow,786.25,639,708,5,0.91,0.89,0.89,0.82,0.82,0.67,0.66,0.62,0.79,59,3530.49,2081.62,1448.87,2.1,16,255,147,7,-35.0,1344.96,51,24,0.26,0
LA-M-0058,Power Transmission,Maharashtra,Kolhapur,1925.67,1560,1433,18,1.0,0.87,0.87,0.87,0.74,0.74,0.62,0.62,0.79,103,20791.02,13869.28,6921.74,3.4,12,241,45,2,-95.0,4184.61,47,24,0.28,0
LA-MP-0549,Expressway,Madhya Pradesh,Ujjain,1420.27,913,845,11,1.0,0.94,0.94,0.85,0.72,0.72,0.72,0.72,0.83,107,7417.25,4256.66,3160.59,3.0,29,188,23,1,6.8,375.2,42,24,0.16,0
LA-M-0037,Railway,Maharashtra,Thane,933.0,1885,1947,15,1.0,0.86,0.79,0.78,0.74,0.74,0.54,0.54,0.75,171,40307.36,22055.12,18252.24,6.6,26,281,80,20,-20.0,3518.91,60,23,0.28,0
LA-MP-0543,National Highway,Madhya Pradesh,Ujjain,3463.05,1735,1840,15,1.0,0.94,0.78,0.78,0.72,0.72,0.72,0.52,0.77,77,15799.84,9410.51,6389.33,15.2,0,157,53,12,-48.8,2036.01,58,23,0.16,0
LA-R-0346,Defence,Rajasthan,Jodhpur,613.16,1575,1557,12,1.0,0.99,0.91,0.86,0.79,0.6,0.56,0.56,0.78,100,36651.69,21726.41,14925.28,3.6,6,70,35,4,-39.7,2612.87,43,23,0.2,0
LA-M-0030,Canal/Irrigation,Maharashtra,Aurangabad,2509.06,1445,1410,14,1.0,1.0,0.99,0.87,0.66,0.66,0.66,0.66,0.81,110,24868.03,14765.4,10102.63,8.3,17,255,18,0,-2.5,1418.1,38,23,0.25,0
LA-R-0341,Defence,Rajasthan,Jaipur,1380.82,1042,883,7,0.83,0.83,0.77,0.75,0.72,0.56,0.56,0.46,0.69,59,25614.15,12220.82,13393.33,4.9,1,58,17,4,-13.0,1888.81,37,23,0.28,0
LA-G-0449,Expressway,Gujarat,Rajkot,1277.8,941,1012,10,0.98,0.98,0.95,0.81,0.78,0.73,0.59,0.59,0.8,17,13230.38,7966.51,5263.87,5.8,19,280,89,20,-28.0,3785.74,46,22,0.22,0
LA-WB-0579,Smart City,West Bengal,Kolkata,250.79,606,547,5,1.0,0.94,0.84,0.84,0.84,0.74,0.74,0.55,0.81,60,14522.24,9482.11,5040.13,3.5,5,101,44,7,-61.7,2931.56,43,22,0.25,0
LA-G-0472,State Highway,Gujarat,Jamnagar,1798.28,1000,1097,10,1.0,1.0,0.78,0.78,0.76,0.7,0.59,0.53,0.77,78,13241.68,7242.18,5999.5,2.4,17,292,38,9,-44.7,2656.59,31,22,0.21,0
LA-G-0458,SEZ,Gujarat,Bhavnagar,2288.35,1402,1357,10,1.0,0.98,0.72,0.72,0.71,0.66,0.66,0.55,0.75,176,8067.31,4457.83,3609.48,2.7,10,288,112,28,-14.3,3399.72,51,20,0.25,0
LA-R-0388,Metro Rail,Rajasthan,Ajmer,384.09,561,507,7,1.0,0.97,0.97,0.83,0.83,0.74,0.69,0.65,0.83,40,11280.37,6272.96,5007.41,4.6,8,54,5,1,-28.6,3332.24,25,20,0.24,0
LA-T-0726,Smart City,Telangana,Nalgonda,1008.91,719,674,8,1.0,1.0,0.84,0.78,0.78,0.78,0.78,0.56,0.82,68,13631.34,8762.64,4868.7,7.2,11,119,61,6,-68.0,3632.36,40,19,0.2,0
LA-MP-0558,Metro Rail,Madhya Pradesh,Sagar,1319.34,820,839,11,1.0,0.91,0.84,0.78,0.7,0.7,0.47,0.47,0.73,63,20441.74,13078.82,7362.92,2.3,7,167,81,8,-20.5,2729.86,51,17,0.24,0
LA-MP-0551,Expressway,Madhya Pradesh,Sagar,2619.38,2295,2153,17,1.0,0.9,0.78,0.78,0.75,0.75,0.61,0.53,0.76,184,12616.55,7233.75,5382.8,2.5,0,139,8,0,-96.7,4817.57,44,15,0.07,0
LA-G-0437,Expressway,Gujarat,Vadodara,713.05,2056,1891,18,1.0,0.98,0.98,0.98,0.77,0.77,0.69,0.69,0.86,27,19245.54,12210.97,7034.57,6.2,12,119,34,4,-20.0,3949.68,37,13,0.1,0
